HostMachineName,Key,StartTime,EndTime
,,,
MachineA006,036144ec-608a-4b7e-ac24-070825fa6930,07/05/2022 12:18,07/05/2022 12:30
MachineA005,f08d4750-e1c4-4125-a9e1-bfe5a5cdca02,07/05/2022 14:02,07/05/2022 16:23
MachineA002,0c9ca1e2-b468-49f9-b1b8-0659007b3fd0,07/05/2022 09:03,07/05/2022 12:27
MachineA011,4fb645aa-216b-4f09-b4c8-96a84c7fed50,07/05/2022 09:02,07/05/2022 12:32
MachineA005,1a47872a-63ba-4fcc-8090-77d0cb98fb80,07/05/2022 14:00,07/05/2022 14:02
MachineA002,f9a6f081-3b0e-414d-b52d-21a1b8f33cb2,07/05/2022 10:00,07/05/2022 10:10
MachineA005,e2579902-956d-4181-9bcb-3c9433059f65,07/05/2022 05:30,07/05/2022 05:30
MachineA005,e546304c-f0fb-47fd-80fd-8c433d370bc2,07/05/2022 11:00,07/05/2022 11:00
MachineA006,27636fb0-c549-4e0c-8733-b38ced6ef6de,07/05/2022 05:30,07/05/2022 05:30
MachineA006,89c0d1c3-9a32-42b5-a56b-0c1b6ed2690f,07/05/2022 11:00,07/05/2022 11:01
MachineA006,cd70771f-9db3-48f1-b71c-71274646b0c4,07/05/2022 06:00,07/05/2022 06:00
MachineA006,75e36f72-efbb-4a0d-9261-67194c6d9ed8,07/05/2022 11:30,07/05/2022 11:31
MachineA006,be6359cf-b34d-4a3d-ac7f-26d9108f3544,07/05/2022 05:30,07/05/2022 05:31
MachineA006,d2f62392-3b63-416e-bf8f-bd44fe45ee90,07/05/2022 11:00,07/05/2022 11:00
MachineA006,f516a39c-d21f-4fc9-b422-d72ac79eb68a,07/05/2022 06:00,07/05/2022 06:01
MachineA006,8c1aafee-d7fa-43bc-a665-41f1a3f1a4fb,07/05/2022 11:30,07/05/2022 11:30
MachineA007,ad0dace6-42e5-4a87-8bd4-0cde167d2780,07/05/2022 05:00,07/05/2022 05:05
MachineA007,62fdb520-da7f-48a9-b748-c8e983e3dd29,07/05/2022 11:30,07/05/2022 11:35
MachineA002,839ed17e-9fd9-4310-ac7c-3cbb9c2f5ed8,07/05/2022 09:00,07/05/2022 09:02
MachineA002,cf30fc28-04b3-48ab-bd14-10edc1e8cd46,07/05/2022 12:28,07/05/2022 12:29
MachineA010,f37cae2a-6dd7-47b7-95ac-21688406fd6c,07/05/2022 08:30,07/05/2022 08:45
MachineA010,d699babe-e277-44d0-b0ca-d4a5d3892a64,07/05/2022 08:00,07/05/2022 08:15
MachineA010,a922f517-bb7e-40d6-a9ed-dae735d25841,07/05/2022 09:00,07/05/2022 09:16
MachineA010,25d49eca-e934-4b99-a8a9-99903467296e,07/05/2022 09:30,07/05/2022 09:40
MachineA010,0f4d1d62-9591-4dbd-8259-2acfdec357bf,07/05/2022 10:00,07/05/2022 10:15
MachineA010,e6307502-c125-449b-a85b-f91c7a86f327,07/05/2022 05:00,07/05/2022 05:15
MachineA010,94b543b3-acba-45a7-afd3-56bd38fa32c8,07/05/2022 05:30,07/05/2022 05:40
MachineA010,e605db83-f214-41c9-a734-f5b26e2ad49c,07/05/2022 06:00,07/05/2022 06:14
MachineA010,c0f857ec-1b91-4051-ba92-0b38fa21f50c,07/05/2022 06:30,07/05/2022 06:41
MachineA010,1b73d93c-7aa4-4239-8e4f-635a1756b4c3,07/05/2022 07:00,07/05/2022 07:12
MachineA010,61e7cbe4-2bca-43f8-a959-96c7dfb80309,07/05/2022 07:30,07/05/2022 07:42
MachineA010,6fea7d6e-8bbe-446e-ac89-c122e77570a9,07/05/2022 11:30,07/05/2022 11:40
MachineA010,caa15c8c-e796-4963-9adb-e2d0b9624288,07/05/2022 12:00,07/05/2022 12:21
MachineA010,4e9b7c2d-532f-42d1-95a8-5dc1aa21e7c8,07/05/2022 12:30,07/05/2022 12:40
MachineA010,4bb5fd4c-923e-4918-995c-572fd42bf1d9,07/05/2022 11:00,07/05/2022 11:10
MachineA010,e999793a-20ad-4250-bccf-81eeaa1b3289,07/05/2022 10:30,07/05/2022 10:40
MachineA010,3053d9b0-73c3-4b27-8191-f3575ab4441f,07/05/2022 14:00,07/05/2022 14:11
MachineA010,f186f082-96a2-41a8-ae9d-8c7c95f3a7d1,07/05/2022 13:30,07/05/2022 13:45
MachineA010,12f82f3f-5eaa-4285-add7-626e3e468c30,07/05/2022 13:00,07/05/2022 13:10
MachineA007,3becd05e-1043-4c2b-98f1-84b9edb315e0,07/05/2022 11:00,07/05/2022 11:01
MachineA010,eec5a885-ce18-4b51-973a-af3f0c37cc21,07/05/2022 11:00,07/05/2022 11:00
MachineA010,0cac8fa0-4fc1-49ac-a653-a3986d0b2112,07/05/2022 11:15,07/05/2022 11:15
MachineA010,65ab7fd8-2292-47d0-9acd-cca65d59a756,07/05/2022 10:30,07/05/2022 10:30
MachineA010,5ca0caf9-084b-4308-8309-f1fe9b8d6cd8,07/05/2022 10:45,07/05/2022 10:45
MachineA010,13492faf-c126-4235-9483-801579e61800,07/05/2022 12:30,07/05/2022 12:30
MachineA010,44ffa8d7-f50d-4b4c-8593-6bdef8457700,07/05/2022 12:45,07/05/2022 12:45
MachineA010,c24893e5-a3e4-4e0b-ad6b-650592e3461e,07/05/2022 12:15,07/05/2022 12:15
MachineA010,ee0df871-08df-4910-ac44-9299284f6a7c,07/05/2022 12:00,07/05/2022 12:00
MachineA010,27ec909b-855c-4a1f-b91d-95ddc77619d8,07/05/2022 11:30,07/05/2022 11:30
MachineA010,49cc7868-9f29-46b8-be08-df5c2dcdcf58,07/05/2022 11:45,07/05/2022 11:45
MachineA010,750548e2-751a-4c19-9676-345da86962ab,07/05/2022 13:00,07/05/2022 13:00
MachineA010,8742da3f-f3bf-4254-a4c0-b27e08bdd4f9,07/05/2022 13:15,07/05/2022 13:15
MachineA010,4eb64011-29d4-4bdb-992e-c14dc62fa21f,07/05/2022 13:30,07/05/2022 13:30
MachineA010,6a815af9-f64f-40ed-9dd6-40fa7a21c113,07/05/2022 14:00,07/05/2022 14:00
MachineA010,a17a1d4b-63f3-4d23-9a87-5a06b71bea2c,07/05/2022 13:45,07/05/2022 13:45
MachineA010,731695c2-03a9-4f37-b3a5-511b59c0c2a3,07/05/2022 14:15,07/05/2022 14:15
MachineA010,83fba07f-0a94-4ab8-a00e-2d053e94c824,07/05/2022 08:45,07/05/2022 08:45
MachineA010,f712b651-1327-4dfb-b5a9-e435ff857175,07/05/2022 08:30,07/05/2022 08:30
MachineA010,056414eb-9a6c-48e4-98ef-13c8bf596e78,07/05/2022 08:15,07/05/2022 08:15
MachineA010,2fbc7fda-f18f-4665-90d6-2467a06154df,07/05/2022 07:45,07/05/2022 07:45
MachineA010,c7b3147f-33f6-44cd-933f-b93ae366c240,07/05/2022 08:00,07/05/2022 08:00
MachineA010,3d9998f0-8e94-465d-aef7-c93680bd35b7,07/05/2022 09:00,07/05/2022 09:00
MachineA010,7b43cb04-b864-4206-ae41-01a6505ab8e7,07/05/2022 09:15,07/05/2022 09:15
MachineA010,aaa33bf3-6ed4-490b-8af4-f691422de4df,07/05/2022 09:30,07/05/2022 09:30
MachineA010,0307bee1-ed13-435a-9e54-9bd1b6d382e6,07/05/2022 10:00,07/05/2022 10:00
MachineA010,afc783f3-9d1a-4755-a033-2b53b5449b3f,07/05/2022 10:15,07/05/2022 10:15
MachineA010,2ffde8cb-fa78-406b-adc4-4137f6aa3ab4,07/05/2022 09:45,07/05/2022 09:45
MachineA010,4ddbaeeb-6f5a-429d-b3c8-c62e774ebdce,07/05/2022 07:30,07/05/2022 07:30
MachineA010,4a0f40f9-8891-4025-86d9-e17fc44e2071,07/05/2022 07:15,07/05/2022 07:15
MachineA010,4579d534-9024-4de7-b259-59fd25a27d64,07/05/2022 07:00,07/05/2022 07:00
MachineA010,7fc8f11a-4a7a-46e6-a57d-fb9a1ec271ed,07/05/2022 06:45,07/05/2022 06:45
MachineA010,a322d553-a1a2-4c24-8ea3-a9e24c066219,07/05/2022 06:30,07/05/2022 06:30
MachineA010,ec7a03a1-f558-48c6-81e0-214dd8c45793,07/05/2022 06:00,07/05/2022 06:00
MachineA010,4bf2f318-bc86-4f48-8764-36eaf0d957b4,07/05/2022 06:15,07/05/2022 06:15
MachineA010,1081c743-69e6-4f03-b0ef-331352dea1d3,07/05/2022 05:45,07/05/2022 05:45
MachineA010,f39d7397-bf15-4afd-b0ff-98b1527b2942,07/05/2022 05:30,07/05/2022 05:30
MachineA010,fe336a8c-77d4-45d8-acb1-592fe2e2f04d,07/05/2022 05:00,07/05/2022 05:00
MachineA010,4e3e4a1b-92bc-4e76-8c36-b59440477112,07/05/2022 05:15,07/05/2022 05:15
MachineA011,3074445a-d0b7-4084-8ad1-d2443df655cb,07/05/2022 08:45,07/05/2022 08:45
MachineA014,0ed42310-259d-4af8-b6ba-258948932116,07/05/2022 11:00,07/05/2022 11:00
MachineA014,1bc14f9b-61f0-4d5d-bca0-2802fec5c2ba,07/05/2022 11:15,07/05/2022 11:15
MachineA014,41ead7ca-bc8d-4035-9f62-83d1cbef46c1,07/05/2022 10:45,07/05/2022 10:45
MachineA014,6977ce32-af19-4473-bd09-6a506968605d,07/05/2022 10:30,07/05/2022 10:30
MachineA014,5209687d-c032-4cf2-b090-05211706bb7e,07/05/2022 12:30,07/05/2022 12:30
MachineA014,ab9c1263-0ce3-4df2-a531-8537b2eb6454,07/05/2022 12:45,07/05/2022 12:45
MachineA014,00982bc4-4b4d-4c76-b03b-6251f269767d,07/05/2022 12:15,07/05/2022 12:15
MachineA014,e52485f2-0c61-4480-9610-baa61909bd25,07/05/2022 12:00,07/05/2022 12:00
MachineA014,66bee0dc-a2e9-4ee9-a233-897fa14bb4f0,07/05/2022 11:45,07/05/2022 11:45
MachineA014,920ec31e-a6a3-48e7-9556-2f8d29bceea2,07/05/2022 11:30,07/05/2022 11:30
MachineA014,d6a2d487-0997-44ce-a5ce-eee00dee1c6d,07/05/2022 13:15,07/05/2022 13:15
MachineA014,8afb3a7a-95ab-4fe4-ad71-f6e95c837c0f,07/05/2022 13:30,07/05/2022 13:30
MachineA014,c3a5aee8-c9d5-4a03-a433-a2afe49d1286,07/05/2022 13:00,07/05/2022 13:00
MachineA014,0c9ed662-5aab-4f8e-a3fe-b7e7b25602e3,07/05/2022 13:45,07/05/2022 13:45
MachineA014,78845f01-9002-45a5-bd9b-4fe76193a29d,07/05/2022 14:15,07/05/2022 14:15
MachineA014,c438009c-7915-4b6a-ad68-4adb78333c32,07/05/2022 14:00,07/05/2022 14:00
MachineA014,7ba40fe3-0e44-415e-a643-b31640e825b9,07/05/2022 08:30,07/05/2022 08:30
MachineA014,cc3025ea-8fb0-4669-87bc-3100b8c4e99d,07/05/2022 08:45,07/05/2022 08:45
MachineA014,ca47e50c-a46c-43c9-8088-39725c01f65c,07/05/2022 07:45,07/05/2022 07:45
MachineA014,845b7bb6-04c9-4361-afad-0520779c73a1,07/05/2022 08:15,07/05/2022 08:15
MachineA014,0a903309-5890-4b9b-8e41-f9ad592183e2,07/05/2022 08:00,07/05/2022 08:00
MachineA014,652a8330-fcd6-448d-b123-18aae33f751c,07/05/2022 09:00,07/05/2022 09:00
MachineA014,5251063f-66bd-42e6-a5d3-1167a3f4202b,07/05/2022 09:15,07/05/2022 09:15
MachineA014,6b78b02f-41d5-4b27-bb1f-647da79a1356,07/05/2022 09:30,07/05/2022 09:30
MachineA014,11f6829d-e550-41b5-aa3f-e5512b7d9f3c,07/05/2022 10:00,07/05/2022 10:00
MachineA014,8e2ec3d5-6335-4752-b4b6-4a7f334ca0f5,07/05/2022 10:15,07/05/2022 10:15
MachineA014,e4fdc362-b7a7-4dfc-9cf1-6b7870a92c62,07/05/2022 09:45,07/05/2022 09:45
MachineA014,5ee4718d-d774-4f3e-9ca3-b03a8c4e760a,07/05/2022 07:00,07/05/2022 07:00
MachineA014,ca41f2f0-2504-4da4-b16e-4b12617b98b0,07/05/2022 07:30,07/05/2022 07:30
MachineA014,7a9afb17-6d98-4e19-b8db-d0735000f29d,07/05/2022 07:15,07/05/2022 07:15
MachineA014,1d35bef1-a59e-47b3-ab44-fe960ce039b4,07/05/2022 06:45,07/05/2022 06:45
MachineA014,fb0f8628-c367-4bce-92e3-9437dd1c0399,07/05/2022 06:30,07/05/2022 06:30
MachineA014,fd8bc66d-f864-4d00-a5f9-d4e074a841da,07/05/2022 06:00,07/05/2022 06:00
MachineA014,828c4c4f-6466-4d70-868f-2484ef779ff2,07/05/2022 06:15,07/05/2022 06:15
MachineA014,882fb53d-6db5-485f-8a5f-0b083da51467,07/05/2022 05:45,07/05/2022 05:45
MachineA014,be4f47b8-712c-4859-bf98-cb06be566574,07/05/2022 05:30,07/05/2022 05:30
MachineA014,52410bce-5073-4d39-af3d-cbc8f7a3a82a,07/05/2022 05:00,07/05/2022 05:00
MachineA014,6646540a-d002-4612-a653-50fd6a073fe7,07/05/2022 05:15,07/05/2022 05:15
MachineA003,80f34315-c096-4d13-b2c7-e3dd8274f318,07/05/2022 11:30,07/05/2022 11:46
MachineA014,84617983-22b0-4874-965b-e4edad427272,07/05/2022 11:02,07/05/2022 11:03
MachineA014,e7e0b5c9-82ec-4c1f-a33c-b4a0d7756b63,07/05/2022 11:10,07/05/2022 12:06
MachineA012,8b1208df-1e6d-4286-92a1-22538d49dba7,07/05/2022 11:04,07/05/2022 11:04
MachineA012,c2e2bb0f-2a22-43c8-a85e-1d20dde66983,07/05/2022 11:19,07/05/2022 11:19
MachineA012,2c6bdf0f-b528-47ae-b6ef-fce6d54828a0,07/05/2022 10:49,07/05/2022 10:49
MachineA012,46a9fba9-780f-48be-b9ac-c46cbd3677c3,07/05/2022 10:34,07/05/2022 10:34
MachineA012,b3b67d17-413d-47ef-ab51-372c6c59f60e,07/05/2022 10:19,07/05/2022 10:19
MachineA012,3dededca-287e-441d-ba7a-95c040c9ebc5,07/05/2022 11:34,07/05/2022 11:34
MachineA012,b6fc1f3e-a995-4504-bf8e-2e88bb0eef74,07/05/2022 12:04,07/05/2022 12:04
MachineA012,015b6547-103f-428a-8d5f-3dee3ce6c36a,07/05/2022 12:19,07/05/2022 12:19
MachineA012,d695cca5-f4ff-4ebe-859e-6ec69eb228c3,07/05/2022 11:49,07/05/2022 11:49
MachineA012,15b33822-b865-4497-a394-35ec2acbc8fc,07/05/2022 12:34,07/05/2022 12:34
MachineA012,4eb0e1ec-e57a-42ad-820c-a9a1a3144a5b,07/05/2022 14:04,07/05/2022 14:04
MachineA012,4ce4a2f2-5384-4731-b10e-dd6992e0e6e9,07/05/2022 14:19,07/05/2022 14:19
MachineA012,a990fdf1-e237-48a1-90ce-c520a010894f,07/05/2022 13:49,07/05/2022 13:49
MachineA012,c9b9c47c-5fa1-4722-943e-f8b1a42b944a,07/05/2022 13:34,07/05/2022 13:34
MachineA012,dceeecbc-b63a-4104-928d-5461d8519415,07/05/2022 13:19,07/05/2022 13:19
MachineA012,7f6031da-220e-43a4-a28d-ac7f1a56754e,07/05/2022 13:04,07/05/2022 13:04
MachineA012,f4789a42-291e-42c5-b833-14c17b2fe9f9,07/05/2022 12:49,07/05/2022 12:49
MachineA012,e03db1d6-b389-4f33-a50e-42ebf483f9a8,07/05/2022 05:04,07/05/2022 05:04
MachineA012,9948f6ec-e23f-4ea8-98fb-151ff5fe93c2,07/05/2022 05:34,07/05/2022 05:34
MachineA012,cd569f23-d05b-4c6c-99dd-f2bc00231e18,07/05/2022 05:19,07/05/2022 05:19
MachineA012,49b4cddd-46b0-4e5b-a674-38d58fda604b,07/05/2022 05:49,07/05/2022 05:49
MachineA012,d258f96b-f002-4ee0-8941-9a36459d8750,07/05/2022 06:04,07/05/2022 06:04
MachineA012,dfa81ed1-2560-47eb-bc1e-a170d2a92112,07/05/2022 06:34,07/05/2022 06:34
MachineA012,c388dd24-8eef-4577-adca-4719317babba,07/05/2022 06:19,07/05/2022 06:19
MachineA012,e7faf6bf-4a8b-48ea-807b-ba8f0420466f,07/05/2022 06:49,07/05/2022 06:49
MachineA012,29c9299f-091c-49ea-9365-e80ee5ba47f5,07/05/2022 07:19,07/05/2022 07:19
MachineA012,5c93c8a4-e8a6-437f-b955-c9d881c7acd6,07/05/2022 07:04,07/05/2022 07:04
MachineA012,71069aff-8020-4126-a967-2bc52f86c148,07/05/2022 07:34,07/05/2022 07:34
MachineA012,ae5c788a-f2ba-47a3-91b3-56cf7eae87cd,07/05/2022 09:49,07/05/2022 09:49
MachineA012,d842b410-eeac-4728-a53e-e2f73234c08b,07/05/2022 10:04,07/05/2022 10:04
MachineA012,ed5ae892-70e0-4eb6-b8b2-733864c4b3ef,07/05/2022 09:34,07/05/2022 09:34
MachineA012,0a7989e0-1582-434f-b455-844cb690dc5c,07/05/2022 09:19,07/05/2022 09:19
MachineA012,bdc034bf-c8a4-49a9-a531-64dd52f24cbb,07/05/2022 09:04,07/05/2022 09:04
MachineA012,b52200bf-9638-4dbe-a2b9-257721543fee,07/05/2022 08:04,07/05/2022 08:04
MachineA012,c783a4f1-7fb9-498b-8ec7-9865ccf4a6f9,07/05/2022 07:49,07/05/2022 07:49
MachineA012,8a62dc5a-afb3-4679-b865-11ecb7bab895,07/05/2022 08:34,07/05/2022 08:34
MachineA012,0860cfdb-4880-49b9-93e5-3233d0562ab5,07/05/2022 08:19,07/05/2022 08:19
MachineA012,c7af3886-41ba-4e92-a4fa-560adea484df,07/05/2022 08:49,07/05/2022 08:49
MachineA012,9cc2fe82-ff42-40fd-8ace-5e5763e1172d,07/05/2022 08:37,07/05/2022 08:39
MachineA012,af6f2ffa-11f7-4e8d-9909-078099d6b07f,07/05/2022 08:52,07/05/2022 08:54
MachineA012,b135cad9-7b11-468d-907c-c4767dc9a921,07/05/2022 08:22,07/05/2022 08:24
MachineA012,3c2077a2-15bb-4089-bd79-f5694797c06e,07/05/2022 07:52,07/05/2022 07:54
MachineA012,8a726490-c849-44c2-baab-f956e9d6fc21,07/05/2022 08:07,07/05/2022 08:09
MachineA012,fe0067cf-5183-4d85-936e-4c60641c4e86,07/05/2022 09:22,07/05/2022 09:24
MachineA012,ab8dcff9-997e-433e-a5e1-25791750527f,07/05/2022 09:07,07/05/2022 09:09
MachineA012,5352bd1a-e81b-4a25-bca1-a8b4588d8978,07/05/2022 09:52,07/05/2022 09:54
MachineA012,084216e4-d84b-4069-8853-69faccc9a4eb,07/05/2022 10:07,07/05/2022 10:09
MachineA012,61be43d7-ded0-42c4-a4fa-d052067375f4,07/05/2022 07:37,07/05/2022 07:39
MachineA012,3464cc2e-334b-4032-8989-c934b0e9885c,07/05/2022 09:37,07/05/2022 09:39
MachineA012,ea4e0399-355b-4f5b-8a85-e346e27ed0ad,07/05/2022 07:07,07/05/2022 07:09
MachineA012,e7e66650-f679-4bf8-acec-235993b4c195,07/05/2022 07:22,07/05/2022 07:24
MachineA012,204b093d-5e35-4bd4-a8a9-508ef364466e,07/05/2022 06:52,07/05/2022 06:54
MachineA012,5c968b61-f6a2-4e50-9b83-4e802c91373c,07/05/2022 06:22,07/05/2022 06:24
MachineA012,59c1fe16-7b51-4da8-807c-4d712e5bb15b,07/05/2022 06:37,07/05/2022 06:39
MachineA012,b6462daa-c517-41d2-b1ca-e43ca2da9047,07/05/2022 05:52,07/05/2022 05:54
MachineA012,714715e5-78cd-45f4-bf98-8302190e0cfc,07/05/2022 06:07,07/05/2022 06:09
MachineA012,8598d24b-9a60-4a0b-9768-7e21455e9842,07/05/2022 05:22,07/05/2022 05:24
MachineA012,ebcba034-e3ed-4e52-9166-0a081533f9e8,07/05/2022 05:37,07/05/2022 05:39
MachineA012,10cce947-2eab-478e-b1fe-367c0e0e317a,07/05/2022 12:52,07/05/2022 12:54
MachineA012,1bbf3e6f-4d9d-4fe6-8723-ea1aa42a3051,07/05/2022 05:07,07/05/2022 05:09
MachineA012,36e3a222-6dc0-4b7b-a18c-3a93ba25fcb1,07/05/2022 13:22,07/05/2022 13:24
MachineA012,e96e63ac-ead2-453a-b2fe-37ba963d0dd0,07/05/2022 13:37,07/05/2022 13:39
MachineA012,6520e50c-64a2-4a3c-b4c2-5b014806d73a,07/05/2022 13:07,07/05/2022 13:09
MachineA012,d983da7e-9716-44fe-864b-74942a5c9655,07/05/2022 13:52,07/05/2022 13:54
MachineA012,db197e8c-d7e4-4ae0-81b6-450dacf7f07a,07/05/2022 14:22,07/05/2022 14:24
MachineA012,e1b73535-77a6-4668-8680-bc2b629379c9,07/05/2022 14:07,07/05/2022 14:09
MachineA012,96013508-04b0-4687-a2cd-4e859efbd60b,07/05/2022 11:52,07/05/2022 11:54
MachineA012,9683de66-f8c2-4474-8b40-63abe5cd1cc0,07/05/2022 12:22,07/05/2022 12:24
MachineA012,6e41fd30-2be0-41d8-9884-7e7c68bd09e2,07/05/2022 12:07,07/05/2022 12:09
MachineA012,6cfede5f-d475-4a7b-84a3-19b48f019430,07/05/2022 12:37,07/05/2022 12:39
MachineA012,c68efb00-ed65-4561-9177-c7a99540d8c9,07/05/2022 11:37,07/05/2022 11:39
MachineA012,8ff137c7-0411-4d2a-a1f6-8b5d67b839c3,07/05/2022 10:22,07/05/2022 10:24
MachineA012,28f3300b-841c-422a-a55f-590037d4e4f0,07/05/2022 10:52,07/05/2022 10:54
MachineA012,08c45c8b-2f35-43b4-ba3f-034f7ff381ce,07/05/2022 11:22,07/05/2022 11:24
MachineA012,0f436086-5de7-4a7e-a290-704bef76bb96,07/05/2022 10:37,07/05/2022 10:39
MachineA012,5294bfe0-a345-4718-bb44-65155b59a288,07/05/2022 11:07,07/05/2022 11:09
MachineD001,0504147e-066e-4dd0-9465-4e0d093c8011,07/05/2022 05:00,07/05/2022 05:11
MachineD001,58edaba5-ba66-4009-88e2-bf17db13cba0,07/05/2022 05:30,07/05/2022 05:40
MachineD001,e46099d4-0f80-4042-883d-03f67ad6f0ee,07/05/2022 06:00,07/05/2022 06:17
MachineD001,e0d2d573-fc39-43a1-ab01-2649d1a7ecd7,07/05/2022 06:30,07/05/2022 06:47
MachineD001,28148164-26b6-494b-8884-24ff761d647a,07/05/2022 07:00,07/05/2022 07:19
MachineD001,b4c5c4a4-8751-448e-8dde-f42b03aa88d6,07/05/2022 07:30,07/05/2022 07:42
MachineD001,4ca8de01-f30a-4e85-8da2-e1746bf87cf8,07/05/2022 10:00,07/05/2022 10:12
MachineD001,ec656543-110c-4dcb-a9ca-7de7730f77e5,07/05/2022 09:30,07/05/2022 09:41
MachineD001,3e1453e7-3b14-48bd-8d37-84545c081dff,07/05/2022 09:00,07/05/2022 09:17
MachineD001,5a1a9dd1-cb32-4a57-898d-9970d596709e,07/05/2022 08:00,07/05/2022 08:12
MachineD001,b0195e4f-1382-47b0-a3c6-b7327bfe4ef4,07/05/2022 08:30,07/05/2022 08:40
MachineD001,05c4c70f-facb-46f0-9802-cf4e196581da,07/05/2022 14:00,07/05/2022 14:12
MachineD001,030e8bba-c1f8-44a3-941a-944247d0092a,07/05/2022 13:30,07/05/2022 13:51
MachineD001,98c68741-9cc5-4c51-b3e7-6297824f4951,07/05/2022 13:00,07/05/2022 13:12
MachineD001,7026ede1-7ed4-4ea4-bddb-c0cee1c9386f,07/05/2022 11:30,07/05/2022 11:40
MachineD001,8f654233-1ef9-451d-93af-ff94147e5e82,07/05/2022 12:00,07/05/2022 12:17
MachineD001,86631dd8-54ea-42eb-8ab2-fb12163fdfc8,07/05/2022 12:30,07/05/2022 12:42
MachineD001,a451f310-85df-44fe-8087-c832f5d57e9c,07/05/2022 10:30,07/05/2022 10:42
MachineD001,7ca5f50c-b4eb-4461-be10-6d86a7584964,07/05/2022 11:00,07/05/2022 11:12
MachineA016,7e4196f8-8b75-4d3a-a23a-2e1fc43f2194,07/05/2022 07:00,07/05/2022 07:02
MachineA002,caa92207-8073-4ed7-9984-2d893539f80c,07/05/2022 13:00,07/05/2022 13:02
MachineA002,1b928fdb-768f-4f0e-9bde-e0d243ed389a,07/05/2022 14:00,07/05/2022 14:03
MachineA002,2cc3b577-9791-4788-9e07-1e6d5aaf8f58,07/05/2022 11:00,07/05/2022 11:02
MachineA002,30ad9cdc-f4b5-4b8a-9afb-0f7db93481d8,07/05/2022 07:00,07/05/2022 07:04
MachineA016,08626e44-a456-410b-9242-6ac465392e38,07/05/2022 12:00,07/05/2022 12:01
MachineA002,13bed1d1-6b08-4f83-a8fa-cab45e36acd2,07/05/2022 05:30,07/05/2022 05:30
MachineA002,eba982eb-4ced-4305-bed7-e6fd155360f5,07/05/2022 06:30,07/05/2022 06:30
MachineA002,e7ce9724-f7b8-44c0-9db1-444b83779c58,07/05/2022 07:30,07/05/2022 07:30
MachineA002,8a94239a-fa97-4026-b79f-e335ebc2e9e4,07/05/2022 08:30,07/05/2022 08:30
MachineA002,150e99cc-3be8-4a12-ac0d-7ed751d0c463,07/05/2022 09:30,07/05/2022 09:30
MachineA002,1b619874-e0da-4fe9-9e15-dcbb4d798aa7,07/05/2022 10:30,07/05/2022 10:30
MachineA002,55fc2827-d95c-45d0-b0b2-bfbe5bed9960,07/05/2022 12:30,07/05/2022 12:30
MachineA002,ee9e9707-7930-4e94-892b-3baaea6e9c28,07/05/2022 11:30,07/05/2022 11:30
MachineA002,8be05a25-84f7-4855-ae81-f9ad94c51917,07/05/2022 13:30,07/05/2022 13:30
MachineA022,17db5ef6-1dbf-4028-a35a-e2b66a53140a,07/05/2022 05:50,07/05/2022 05:50
MachineA018,42cbd43e-829d-4d7d-bb34-70cd36d2f4bc,07/05/2022 08:00,07/05/2022 08:01
MachineA018,9c3881ff-7ce3-4266-ad9a-86d63ecf30a4,07/05/2022 11:00,07/05/2022 11:01
MachineA018,4eeab7ff-a90e-477a-9cc4-82bcd53b1068,07/05/2022 08:02,07/05/2022 08:02
MachineA018,fe5d009f-e154-4fb7-ba32-1976e4340b65,07/05/2022 11:02,07/05/2022 11:02
MachineA018,562c44f6-5a69-4066-a7ab-ce17d292305c,07/05/2022 05:02,07/05/2022 05:02
MachineA019,0f01b4c9-7432-4129-8c66-2ebe3149be83,07/05/2022 11:00,07/05/2022 11:04
MachineB001,9f7b8c09-53a4-4a68-a431-efe0dd997c01,07/05/2022 07:30,07/05/2022 07:44
MachineB001,0d714786-ce70-4180-8ccd-a792392468a5,07/05/2022 07:00,07/05/2022 07:17
MachineB001,f657c8a1-a9e2-48f0-a9a9-24b097a55dca,07/05/2022 06:30,07/05/2022 06:49
MachineB001,44ed8e5e-a588-4399-9f14-dd9574dfabdf,07/05/2022 06:00,07/05/2022 06:18
MachineB001,55138a6d-a8d4-47b7-8e32-88092fd57bc2,07/05/2022 05:30,07/05/2022 05:49
MachineB001,8c9de96d-d800-487d-a4ea-b14b9b3cab68,07/05/2022 08:00,07/05/2022 08:26
MachineB001,3b4dc01e-13ab-4001-9336-b7f6da41e930,07/05/2022 08:30,07/05/2022 09:00
MachineB001,7607b10c-4a72-4021-a6ea-bab915f3c313,07/05/2022 09:01,07/05/2022 09:25
MachineB001,3fe753e7-ad1a-474f-8c8f-4a8aba3534de,07/05/2022 09:30,07/05/2022 09:52
MachineB001,5810b6f3-4681-42bf-8957-8a2fe49d670e,07/05/2022 10:00,07/05/2022 10:33
MachineB001,efc7c901-77a0-45f0-819a-aaa2c84fa3cc,07/05/2022 11:00,07/05/2022 11:23
MachineB001,007baed8-f0da-4d4b-8807-6142def93026,07/05/2022 11:30,07/05/2022 11:58
MachineB001,43584e5d-e9e8-4eb7-8479-9486ee6b5716,07/05/2022 10:33,07/05/2022 10:58
MachineB001,cec41519-a5f0-4631-803a-a10ba1282b24,07/05/2022 12:00,07/05/2022 12:32
MachineB001,849a2fb4-3972-485a-b264-f8d7499270d4,07/05/2022 12:33,07/05/2022 12:58
MachineB001,4461c54c-7165-4fde-a2c7-b8401f069247,07/05/2022 14:00,07/05/2022 14:37
MachineB001,4ff17e37-48af-4bdd-97b2-1155813aea14,07/05/2022 13:30,07/05/2022 13:49
MachineB001,bd2fb1c8-32bd-4b83-8c7a-2d6b84921505,07/05/2022 13:00,07/05/2022 13:20
MachineA021,489763e3-5203-4a2c-a609-59abe37fdac8,07/05/2022 14:00,07/05/2022 14:00
MachineA021,56e105ce-84b7-4452-a58e-f090fd76404c,07/05/2022 10:00,07/05/2022 10:00
MachineA021,8db86290-b07a-49b9-a38e-692a43576dfb,07/05/2022 10:30,07/05/2022 10:37
MachineA018,6dca1729-29b5-45d0-b83d-1d55d2b65f0b,07/05/2022 10:00,07/05/2022 10:00
MachineA018,495a6b2b-9a4f-41b3-a4f4-9361b8c7d8d9,07/05/2022 10:10,07/05/2022 10:10
MachineA018,fd0c052e-0440-49f7-8371-a323a4652757,07/05/2022 10:15,07/05/2022 10:15
MachineA018,00b3e071-64e9-4c38-8e4d-e5d84f78eff6,07/05/2022 09:55,07/05/2022 09:55
MachineA018,a2dec90e-73aa-4b2b-8667-3e14c197569c,07/05/2022 09:50,07/05/2022 09:50
MachineA018,bf3cc869-39c9-4c6e-8cd0-a2b10ac7ae5a,07/05/2022 09:45,07/05/2022 09:45
MachineA018,fbedc4c5-c3d4-4b47-b776-243ffa12f3b1,07/05/2022 09:40,07/05/2022 09:40
MachineA018,8985112d-6476-437e-8021-765fbbe4dc53,07/05/2022 10:05,07/05/2022 10:05
MachineA018,66b96773-5aed-4dda-83cd-ff09e155c32b,07/05/2022 09:35,07/05/2022 09:35
MachineA018,18f7e250-bf97-441f-8243-c69b42010542,07/05/2022 09:20,07/05/2022 09:20
MachineA018,a010a9fc-40da-4ac7-b914-cf52d97a992d,07/05/2022 09:30,07/05/2022 09:30
MachineA018,5c3701e7-9f49-4653-8a00-5d140d18c6b2,07/05/2022 09:15,07/05/2022 09:15
MachineA018,035d46e3-a2eb-4233-a146-e5863bc8636c,07/05/2022 09:25,07/05/2022 09:25
MachineA018,018ecaae-cc3e-4002-8747-d0db0b3380a1,07/05/2022 09:10,07/05/2022 09:10
MachineA018,8ef14d54-0dd1-4fdc-aad5-28e406d304ba,07/05/2022 09:05,07/05/2022 09:05
MachineA018,94e64f1a-81a9-48d5-b30c-e731902cb80e,07/05/2022 08:15,07/05/2022 08:15
MachineA018,37079d6c-62ea-42d8-a11d-e4031e2cb122,07/05/2022 08:05,07/05/2022 08:05
MachineA018,2e43d74f-a788-4d64-ac58-a8a25b0556e9,07/05/2022 08:10,07/05/2022 08:10
MachineA018,8671080d-5c25-4720-a55c-88cd118e8a4d,07/05/2022 07:45,07/05/2022 07:45
MachineA018,e6cbf13d-8705-4e98-92d5-87ec825e9481,07/05/2022 07:50,07/05/2022 07:50
MachineA018,80ed2fa2-07f9-42c1-a02f-f22d201135f1,07/05/2022 08:00,07/05/2022 08:00
MachineA018,36ddee11-69db-4977-8226-46c86576ecd4,07/05/2022 07:55,07/05/2022 07:55
MachineA018,cb0ce4dd-254c-4cc7-9cfd-32abb3eb2297,07/05/2022 08:45,07/05/2022 08:45
MachineA018,657fbd8f-1a79-436f-9fda-4603967d1117,07/05/2022 08:40,07/05/2022 08:40
MachineA018,66b28853-6db1-413c-a88a-f081f8cfb91b,07/05/2022 09:00,07/05/2022 09:00
MachineA018,3c52da15-1cd1-4354-867c-8a83d81cb51b,07/05/2022 08:55,07/05/2022 08:55
MachineA018,5d981b6d-067f-4ee3-a719-2ea5f199ddc8,07/05/2022 08:50,07/05/2022 08:50
MachineA018,b8c41918-2938-4f5e-bb80-76e3087b99a1,07/05/2022 08:30,07/05/2022 08:30
MachineA018,0b96c49b-d043-40c2-a903-6e523d494b08,07/05/2022 08:35,07/05/2022 08:35
MachineA018,903d1b3b-5de9-4190-abfd-6d9d58522703,07/05/2022 05:15,07/05/2022 05:15
MachineA018,5daea9f3-fc32-494f-9b40-71c46720a2f3,07/05/2022 08:20,07/05/2022 08:20
MachineA018,80985073-3f3d-477c-9154-0b1bdd0f8790,07/05/2022 08:25,07/05/2022 08:25
MachineA018,ee9b543b-ac1c-4451-9bdc-360d81ac115e,07/05/2022 05:10,07/05/2022 05:10
MachineA018,8cdee482-ae4f-45b8-981f-3a9d90d1d3a3,07/05/2022 05:05,07/05/2022 05:05
MachineA018,937edb34-30d0-4b97-9760-b057ab72fcc9,07/05/2022 05:30,07/05/2022 05:30
MachineA018,d7ebca4b-8dda-418d-9974-0fd92eeeda6d,07/05/2022 05:25,07/05/2022 05:25
MachineA018,b9221966-e77c-469d-bc49-c88b8a1c6aa7,07/05/2022 05:20,07/05/2022 05:20
MachineA018,e479d26a-476e-4667-a002-1c599da37fcd,07/05/2022 05:35,07/05/2022 05:35
MachineA018,7974bc87-43db-4599-b735-562ec2ea7dc3,07/05/2022 05:40,07/05/2022 05:40
MachineA018,eae44880-b60d-4893-bc7d-c347ae61900f,07/05/2022 05:50,07/05/2022 05:50
MachineA018,d9401329-a75f-4b59-937a-b9b836090372,07/05/2022 06:00,07/05/2022 06:00
MachineA018,0264ad89-68d7-4052-b099-d0fbb9c0cf52,07/05/2022 06:15,07/05/2022 06:15
MachineA018,9e46ab9f-3183-45be-a295-93edae0c185e,07/05/2022 05:55,07/05/2022 05:55
MachineA018,e34f16f9-f3b2-4f5a-8282-f8ccb9a97a12,07/05/2022 05:45,07/05/2022 05:45
MachineA018,356cc8cc-b6b3-446a-86f2-0a1515cac4d9,07/05/2022 06:10,07/05/2022 06:10
MachineA018,4d8a3542-3c23-4262-b17f-83f13bb97173,07/05/2022 06:05,07/05/2022 06:05
MachineA018,5d025e47-3948-446a-bee1-9cf087a8a7b1,07/05/2022 06:35,07/05/2022 06:35
MachineA018,622d38ce-2055-4602-b265-987f7ef02c38,07/05/2022 06:40,07/05/2022 06:40
MachineA018,13f66597-164f-477a-bd9d-725fb5a8b6f6,07/05/2022 06:30,07/05/2022 06:30
MachineA018,052083a0-2ca5-4f82-9d1f-ff916bc7c648,07/05/2022 06:20,07/05/2022 06:20
MachineA018,f4a7a660-064e-4682-9a17-569d1bb5476b,07/05/2022 06:25,07/05/2022 06:25
MachineA018,40f3587b-bdf2-46c5-993b-13c54399bb57,07/05/2022 06:45,07/05/2022 06:45
MachineA018,54c056b1-0082-4bb6-8124-3cd8e679330c,07/05/2022 07:00,07/05/2022 07:00
MachineA018,7bdec19d-2b05-4526-a935-6b332de86d24,07/05/2022 06:55,07/05/2022 06:55
MachineA018,bddb519c-063c-4f74-925b-63eb242d3da7,07/05/2022 07:30,07/05/2022 07:30
MachineA018,a8d6bae1-fad5-4151-984e-b20a37c85a35,07/05/2022 06:50,07/05/2022 06:50
MachineA018,42003274-0fa0-4feb-ac6d-c9f825de223e,07/05/2022 07:25,07/05/2022 07:25
MachineA018,37d967a8-a555-4605-aae9-13f67d018a7b,07/05/2022 07:35,07/05/2022 07:35
MachineA018,1b1632c5-c71a-4b27-99a5-7308f70a9297,07/05/2022 07:15,07/05/2022 07:15
MachineA018,9ff2685c-6308-444a-b55f-b4232e1158df,07/05/2022 07:40,07/05/2022 07:40
MachineA018,5ee37e82-2843-493c-8caf-a1f3e5a2ecfc,07/05/2022 07:20,07/05/2022 07:20
MachineA018,4252c324-869f-4f72-a3d8-8646966f7181,07/05/2022 14:05,07/05/2022 14:05
MachineA018,450ef5e3-30ed-4f9f-9f8f-d559a45c1d43,07/05/2022 07:05,07/05/2022 07:05
MachineA018,b0ae3559-6623-49f1-afd1-0c52a3b1d47d,07/05/2022 07:10,07/05/2022 07:10
MachineA018,e63402c0-5e92-4f4d-b12b-1d5559c21103,07/05/2022 14:10,07/05/2022 14:10
MachineA018,1537214a-7085-4502-a2cb-0a4c9bd01dc8,07/05/2022 14:15,07/05/2022 14:15
MachineA018,e7697adb-803a-497d-9ba0-cbf6c281a1e3,07/05/2022 14:20,07/05/2022 14:20
MachineA018,ce5d225a-f314-48fb-a4ec-ae42005ee19b,07/05/2022 13:15,07/05/2022 13:15
MachineA018,e9e466e2-48ea-445b-bbbd-593ca2c29b2a,07/05/2022 13:10,07/05/2022 13:10
MachineA018,ab3eff98-020b-458b-92bf-76f1afbb2db2,07/05/2022 13:20,07/05/2022 13:20
MachineA018,0b4441b6-30bc-4e77-9f56-065c4768b86a,07/05/2022 13:25,07/05/2022 13:25
MachineA018,d8ac69fb-6c66-4787-a8c0-ed6d15922959,07/05/2022 12:50,07/05/2022 12:50
MachineA018,01f1bc99-d3c4-49ed-8357-96784124a65f,07/05/2022 12:55,07/05/2022 12:55
MachineA018,5ac61e1a-2ffc-499c-b474-cb256fe5a155,07/05/2022 13:00,07/05/2022 13:00
MachineA018,3d25c595-66af-4d9d-9473-4776fb9c1cf9,07/05/2022 13:05,07/05/2022 13:05
MachineA018,15bc5164-18ba-4791-bd7d-c9ed95fc5763,07/05/2022 13:30,07/05/2022 13:30
MachineA018,c67d03a9-5691-4d37-899e-d6e42e46b6a1,07/05/2022 13:45,07/05/2022 13:45
MachineA018,1f0ecc28-841a-4bc9-b697-d0e503464115,07/05/2022 13:35,07/05/2022 13:35
MachineA018,3ef74b33-cf47-4600-b04d-d579d98e958a,07/05/2022 13:40,07/05/2022 13:40
MachineA018,703fbda9-3f8d-4f1a-a7b9-d90b43512db2,07/05/2022 13:50,07/05/2022 13:50
MachineA018,d2768752-dce4-4ddc-bc3c-057f198826e2,07/05/2022 14:00,07/05/2022 14:00
MachineA018,c061f458-9151-440a-8c3d-14b2734e6692,07/05/2022 13:55,07/05/2022 13:55
MachineA018,366a50da-0c18-456d-94a6-1ef733e37302,07/05/2022 10:45,07/05/2022 10:45
MachineA018,36c3c0bd-5128-4696-9a7d-0a1354146827,07/05/2022 10:50,07/05/2022 10:50
MachineA018,8ede4710-b8b7-43ff-aa5e-bc4b055bdc57,07/05/2022 10:40,07/05/2022 10:40
MachineA018,6e55b6d0-e81d-4a0a-a03f-00ad215d6032,07/05/2022 10:55,07/05/2022 10:55
MachineA018,99911e95-3757-4282-824d-a18bbc7e22b2,07/05/2022 10:25,07/05/2022 10:25
MachineA018,f8577902-a28a-463f-bc0b-36fa06c69803,07/05/2022 10:20,07/05/2022 10:20
MachineA018,0cb600b4-f86c-49e4-978c-1a8c583acdd3,07/05/2022 10:30,07/05/2022 10:30
MachineA018,eb957f80-c472-42fb-a023-68192d8b73db,07/05/2022 10:35,07/05/2022 10:35
MachineA018,307df8fa-c388-46eb-8a15-502a82d503c2,07/05/2022 11:10,07/05/2022 11:10
MachineA018,a5e4101a-6805-4e79-99e7-2855aef87391,07/05/2022 11:15,07/05/2022 11:15
MachineA018,c2bcf821-6a3b-46aa-8191-f5e6bce90744,07/05/2022 11:30,07/05/2022 11:30
MachineA018,2e264458-565c-4b36-86cb-c71310635ab0,07/05/2022 12:20,07/05/2022 12:20
MachineA018,9009c5d8-1ab4-4d45-aac7-e0da18ced620,07/05/2022 11:25,07/05/2022 11:25
MachineA018,7ebae5f4-9ae0-499b-977a-e161d62ba3d2,07/05/2022 11:20,07/05/2022 11:20
MachineA018,e085e924-d196-44ca-a3af-be40cdb45426,07/05/2022 11:00,07/05/2022 11:00
MachineA018,4376f5fb-4257-4e82-b66c-01203b71ad58,07/05/2022 11:05,07/05/2022 11:05
MachineA018,ce5802ee-fba4-4892-be99-dce1741fff8a,07/05/2022 12:15,07/05/2022 12:15
MachineA018,c5d4f6ca-a3b5-43c4-948d-90d749321d64,07/05/2022 12:25,07/05/2022 12:25
MachineA018,13c2d008-40bd-45de-8482-eaeb240277df,07/05/2022 12:45,07/05/2022 12:45
MachineA018,84f55bbb-c257-4c99-8544-549da59aba94,07/05/2022 12:10,07/05/2022 12:10
MachineA018,ec462dfb-102a-4978-8f6e-cbbf0ce66992,07/05/2022 12:30,07/05/2022 12:30
MachineA018,da090823-aa79-40ab-a185-5deef7005167,07/05/2022 12:40,07/05/2022 12:40
MachineA018,2a094ab5-15e8-4aa0-81d9-2e0479f483a3,07/05/2022 12:35,07/05/2022 12:35
MachineA018,cf455287-7bc7-4649-875f-6b47b6f3be20,07/05/2022 11:50,07/05/2022 11:50
MachineA018,532c1ffe-bdf4-4c0c-90ef-f3e2d352ff11,07/05/2022 11:35,07/05/2022 11:35
MachineA018,1e3a2d43-dfa7-4213-bfe4-a83bb6c59d51,07/05/2022 11:45,07/05/2022 11:45
MachineA018,bd2522a4-ccf5-4b75-8564-4287ecfaca7a,07/05/2022 11:40,07/05/2022 11:40
MachineA018,90219176-62dd-46a8-bb7a-56cec0c8335f,07/05/2022 11:55,07/05/2022 11:55
MachineA018,c98c48ca-46fe-409c-92ba-a3f8c8aeb116,07/05/2022 12:00,07/05/2022 12:00
MachineA018,73b0a346-a537-4622-93cf-b96e155a32a6,07/05/2022 12:05,07/05/2022 12:05
MachineA018,d414f2c9-0331-4db1-b87a-1b7354492c0e,07/05/2022 12:01,07/05/2022 12:01
MachineA018,6294354c-a166-4df9-9220-4bc21da51417,07/05/2022 11:46,07/05/2022 11:46
MachineA018,6cba82aa-9956-40b5-9490-e6ea81875f85,07/05/2022 11:36,07/05/2022 11:36
MachineA018,3fbeccf3-298f-40f3-b74c-23ab0fc0a291,07/05/2022 11:51,07/05/2022 11:51
MachineA018,3297ab9b-a06d-4f51-a3ed-8e031fdd02ac,07/05/2022 11:56,07/05/2022 11:56
MachineA018,827794f3-d1c8-4a32-870a-7d44ad1db182,07/05/2022 11:41,07/05/2022 11:41
MachineA018,8a05ad7b-7950-4311-a224-1d5f1d293feb,07/05/2022 11:31,07/05/2022 11:31
MachineA018,600c8487-b482-4143-bc61-c131d29b3f28,07/05/2022 12:31,07/05/2022 12:31
MachineA018,7215dded-7da1-4168-b48d-7c4a6a6f756b,07/05/2022 12:21,07/05/2022 12:21
MachineA018,59f2feea-b957-42c9-8d0d-976b7d203d4b,07/05/2022 12:36,07/05/2022 12:36
MachineA018,2b5c720f-af84-4abe-be97-e79ce84edf44,07/05/2022 12:41,07/05/2022 12:41
MachineA018,d1c90dc7-5e2b-4f40-8567-885b90860809,07/05/2022 12:06,07/05/2022 12:06
MachineA018,4fbafb79-3c92-41e3-a741-805626c45992,07/05/2022 12:11,07/05/2022 12:11
MachineA018,b689a444-cc15-4e10-a167-837b16716cb7,07/05/2022 12:16,07/05/2022 12:16
MachineA018,4be0690d-2f4f-4e29-9cc7-b6f76c126f0f,07/05/2022 10:51,07/05/2022 10:51
MachineA018,e7881926-ec70-4dc0-90e1-93ef184f4813,07/05/2022 11:06,07/05/2022 11:06
MachineA018,4b8c5f15-7a89-4da5-832b-9e796ef2af79,07/05/2022 11:01,07/05/2022 11:01
MachineA018,abb52148-7cf5-48a6-a82f-96bbbb613a19,07/05/2022 12:26,07/05/2022 12:26
MachineA018,fd88073d-851d-4365-8a5b-2a20b28e4207,07/05/2022 11:21,07/05/2022 11:21
MachineA018,b5907935-3adf-4f00-8003-26eb2e48ae39,07/05/2022 11:26,07/05/2022 11:26
MachineA018,d6cc892a-09ee-49cc-99b8-3008816e7384,07/05/2022 11:16,07/05/2022 11:16
MachineA018,c11da3c7-6b4a-4db8-bffb-9079c85a324a,07/05/2022 10:21,07/05/2022 10:21
MachineA018,78588f54-9fd9-4df1-ab85-5ee0575ec942,07/05/2022 10:26,07/05/2022 10:26
MachineA018,9f56be04-e1e8-472b-b58f-0191c8d668ed,07/05/2022 11:11,07/05/2022 11:11
MachineA018,62607b2d-f172-4c3a-b848-5c8645d19a5e,07/05/2022 10:31,07/05/2022 10:31
MachineA018,a9094ace-7175-4deb-adbe-e8f854a96d99,07/05/2022 10:56,07/05/2022 10:56
MachineA018,f5f23afb-9d95-4069-87af-5e6142abb13d,07/05/2022 10:46,07/05/2022 10:46
MachineA018,970da1ad-5204-4e49-b220-d299afaf05f3,07/05/2022 10:36,07/05/2022 10:36
MachineA018,c157ef40-4fa1-47e0-bb5a-b78b7a79f69b,07/05/2022 10:41,07/05/2022 10:41
MachineA018,0006daa5-9210-4512-87b6-d7b712866226,07/05/2022 13:51,07/05/2022 13:51
MachineA018,68344f55-0508-42c1-b5ac-a58f5316baa1,07/05/2022 13:56,07/05/2022 13:56
MachineA018,20f38054-583f-4138-9e6d-2b0b1c2e48a7,07/05/2022 13:46,07/05/2022 13:46
MachineA018,15dc2b95-9d5e-4ac9-8e3e-a230ded1d112,07/05/2022 13:41,07/05/2022 13:41
MachineA018,4a83fc12-9543-453f-aa78-65c7500c0147,07/05/2022 13:36,07/05/2022 13:36
MachineA018,8f77ba1f-9506-43f5-a9b5-126c0fcb5136,07/05/2022 13:31,07/05/2022 13:31
MachineA018,b731594b-9c39-44c5-b649-d496ab41fb7b,07/05/2022 13:01,07/05/2022 13:01
MachineA018,07640449-eea2-42db-ae48-3402a9e69238,07/05/2022 12:56,07/05/2022 12:56
MachineA018,431017ce-9b5e-476f-8a9e-7775042f04cd,07/05/2022 12:46,07/05/2022 12:46
MachineA018,09cecf35-1f03-448b-8248-e1b8cec6cfd7,07/05/2022 12:51,07/05/2022 12:51
MachineA018,c24833cf-5ada-473a-9922-c9073f8c1da2,07/05/2022 13:26,07/05/2022 13:26
MachineA018,c29105ca-f590-42a9-ba28-ca54d42b0964,07/05/2022 13:16,07/05/2022 13:16
MachineA018,64700b85-b161-432f-92df-737bcf81eed5,07/05/2022 13:21,07/05/2022 13:21
MachineA018,945f5e5b-6aef-4476-92ea-5c2fc356f7cb,07/05/2022 13:06,07/05/2022 13:06
MachineA018,10b613a3-1951-4d15-be64-ab6db891eecf,07/05/2022 13:11,07/05/2022 13:11
MachineA018,6bb281a1-ae66-4efd-baac-8b23d0e9bf82,07/05/2022 14:21,07/05/2022 14:21
MachineA018,a51b5238-b37f-4981-b075-fd35cb7c7090,07/05/2022 14:16,07/05/2022 14:16
MachineA018,7a5979ce-9a62-4182-9931-1a509e246c93,07/05/2022 14:11,07/05/2022 14:11
MachineA018,743607e1-95ec-449d-a74b-86fd76d013c9,07/05/2022 14:01,07/05/2022 14:01
MachineA018,18b29779-c90c-44cc-b58a-5270a61fba20,07/05/2022 07:01,07/05/2022 07:01
MachineA018,93410c8b-8064-43e8-a967-3ad0d1408b20,07/05/2022 14:06,07/05/2022 14:06
MachineA018,c5a60510-afe7-488f-a1fc-44f63c15c6c7,07/05/2022 07:06,07/05/2022 07:06
MachineA018,ad7245b8-10e1-4aa3-8d6b-4995b775dad4,07/05/2022 07:16,07/05/2022 07:16
MachineA018,a50e8580-380a-46c2-9e7f-76919f3cc376,07/05/2022 07:21,07/05/2022 07:21
MachineA018,e9e3c7a4-f062-414d-8f7e-acf080202702,07/05/2022 07:11,07/05/2022 07:11
MachineA018,263a50d2-e366-497d-99f7-e7d2baa4f102,07/05/2022 07:36,07/05/2022 07:36
MachineA018,977cd72c-395c-43a4-8ef2-001ed3739b88,07/05/2022 07:31,07/05/2022 07:31
MachineA018,fb1109fa-55ae-4af1-9e4c-dda959bffad2,07/05/2022 07:26,07/05/2022 07:26
MachineA018,6e0c0823-0a61-4e1d-9709-923eec24849f,07/05/2022 06:51,07/05/2022 06:51
MachineA018,e0362603-9ed1-47c7-b58b-f95a0d2e9c71,07/05/2022 06:56,07/05/2022 06:56
MachineA018,d26ed908-8856-4690-8af8-87f66e836a8d,07/05/2022 06:46,07/05/2022 06:46
MachineA018,8b0d68fb-7511-487c-be85-cb760c67fc92,07/05/2022 06:26,07/05/2022 06:26
MachineA018,c6817f9c-d78a-4996-ab6e-d33c2c770d42,07/05/2022 06:21,07/05/2022 06:21
MachineA018,55122d22-4522-477f-860e-3420619ac55c,07/05/2022 06:16,07/05/2022 06:16
MachineA018,207fe05b-1fbe-4245-a104-8e1e917faf92,07/05/2022 06:41,07/05/2022 06:41
MachineA018,cd6154f6-fff2-4bf5-b5b1-6682d7ac4934,07/05/2022 06:36,07/05/2022 06:36
MachineA018,dada99c8-9499-4a9b-b7ea-f410f76725cc,07/05/2022 06:31,07/05/2022 06:31
MachineA018,acda29da-4781-4f68-93a7-ddbd219432ce,07/05/2022 06:01,07/05/2022 06:01
MachineA018,e7496bf5-4db6-4770-b440-6fa1ff3d63c0,07/05/2022 06:06,07/05/2022 06:06
MachineA018,d82fe394-4d9c-434c-b1db-6b2274b882b4,07/05/2022 06:11,07/05/2022 06:11
MachineA018,eb8f1e41-4fef-49ad-9252-efbaf95b4e1f,07/05/2022 05:56,07/05/2022 05:56
MachineA018,13a6bb22-afd9-4cbb-a5d5-fbb8149ec2fb,07/05/2022 05:46,07/05/2022 05:46
MachineA018,f283349b-c4d0-41da-a765-7fff36f7f920,07/05/2022 05:51,07/05/2022 05:51
MachineA018,e8f70709-3d02-4d91-842b-acd780fe9895,07/05/2022 05:36,07/05/2022 05:36
MachineA018,df43e08c-0e10-4de0-8871-99780a9f7231,07/05/2022 05:41,07/05/2022 05:41
MachineA018,52b3e1e4-5e76-4bf9-882a-217ed6b8c47e,07/05/2022 05:21,07/05/2022 05:21
MachineA018,ec1559ea-09d3-4311-b0b4-757f55dd7867,07/05/2022 05:26,07/05/2022 05:26
MachineA018,4a18aedf-99ba-43c7-b374-ccd13195c795,07/05/2022 05:31,07/05/2022 05:31
MachineA018,f60c5091-e0cf-407f-b646-4a56e0473588,07/05/2022 05:01,07/05/2022 05:01
MachineA018,f56a06d7-511f-44e6-9303-527ca62f6569,07/05/2022 05:06,07/05/2022 05:06
MachineA018,951f30f6-d44e-494c-9482-8ccd107a301b,07/05/2022 05:16,07/05/2022 05:16
MachineA018,d965c9a8-0b29-4ce9-b9a5-91b528d0b7c7,07/05/2022 08:21,07/05/2022 08:21
MachineA018,199c25df-be5a-4996-b55f-b35b46b19a8f,07/05/2022 05:11,07/05/2022 05:11
MachineA018,bf9f2c05-7694-41e3-9d78-2d49606f6b00,07/05/2022 08:26,07/05/2022 08:26
MachineA018,a76f5dc5-39f4-484f-a8a7-57da87a47d32,07/05/2022 08:36,07/05/2022 08:36
MachineA018,d9a21b43-70bb-468d-b905-bf85cca87133,07/05/2022 08:31,07/05/2022 08:31
MachineA018,cebb8162-1c26-46a8-83e3-b5af6daf73bc,07/05/2022 08:51,07/05/2022 08:51
MachineA018,bbb31fa5-24af-4c9d-8fbb-5739ab9f34dd,07/05/2022 08:56,07/05/2022 08:56
MachineA018,2a677f70-74b3-460f-b5ed-65624d68bbd1,07/05/2022 08:41,07/05/2022 08:41
MachineA018,c1f1f2f9-e5df-4a17-91c4-e1260da0397c,07/05/2022 08:46,07/05/2022 08:46
MachineA018,88a72350-dc13-4740-8e54-6b5d9a653a2b,07/05/2022 07:56,07/05/2022 07:56
MachineA018,74fe5497-5586-4de4-8d62-5154dea305da,07/05/2022 07:46,07/05/2022 07:46
MachineA018,5c89778f-69ce-4105-a200-d9f9ef075ffe,07/05/2022 07:51,07/05/2022 07:51
MachineA018,4e454071-088b-40e5-a23b-a49b81c3a3eb,07/05/2022 07:41,07/05/2022 07:41
MachineA018,b49ce8c7-2fa1-4b2f-888a-d6f2822774ba,07/05/2022 08:06,07/05/2022 08:06
MachineA018,983f2754-001a-4d4a-8559-b07adfed7e92,07/05/2022 08:11,07/05/2022 08:11
MachineA018,33e3b23f-a942-443f-b956-53e7b5db725e,07/05/2022 08:16,07/05/2022 08:16
MachineA018,3c45f20a-6bcd-4506-831a-d91b758167f1,07/05/2022 08:01,07/05/2022 08:01
MachineA018,a4487b19-f10a-4314-ab56-490ac9b56722,07/05/2022 09:01,07/05/2022 09:01
MachineA018,605b72c7-c370-4483-a8f8-207a969b3285,07/05/2022 09:06,07/05/2022 09:06
MachineA018,9319ae04-b29f-4873-a689-077f2e739ca3,07/05/2022 09:11,07/05/2022 09:11
MachineA018,7b5627f4-d8ba-4046-8879-4225200b3696,07/05/2022 09:26,07/05/2022 09:26
MachineA018,f452b559-d3d2-4574-8337-d4b486a438f9,07/05/2022 09:16,07/05/2022 09:16
MachineA018,c4c07e2a-4e4e-4f05-8546-599c41e168e3,07/05/2022 09:21,07/05/2022 09:21
MachineA018,98d1ee04-2afe-47be-8e3b-4f3a36a93867,07/05/2022 09:31,07/05/2022 09:31
MachineA018,88cc32ed-fdbd-48e9-8026-1650fa98c9e4,07/05/2022 05:31,07/05/2022 05:31
MachineA018,54788519-bd69-4214-a3ee-2284fe8e2a29,07/05/2022 05:26,07/05/2022 05:26
MachineA018,667ddb82-493d-423a-9ee4-aed74008e49f,07/05/2022 05:21,07/05/2022 05:21
MachineA018,402fb8bf-f3b5-4b87-9952-9eadc4104595,07/05/2022 05:01,07/05/2022 05:01
MachineA018,409a0e8c-884e-44b0-9758-8ec1cd83e103,07/05/2022 05:16,07/05/2022 05:16
MachineA018,a5056fa6-8320-4058-8d8a-d4e45326ce7e,07/05/2022 05:11,07/05/2022 05:11
MachineA018,5c86664f-2dda-436b-99bf-1afab2e2585e,07/05/2022 05:06,07/05/2022 05:06
MachineA018,27813239-af77-405c-9657-488360114eb2,07/05/2022 06:01,07/05/2022 06:01
MachineA018,20096928-7ce8-4c80-909a-26033e938999,07/05/2022 06:11,07/05/2022 06:11
MachineA018,662c9809-c80a-477d-88e9-b96af62ae6c5,07/05/2022 06:06,07/05/2022 06:06
MachineA018,725beaff-6342-4a79-957b-392b2e1b2240,07/05/2022 05:36,07/05/2022 05:36
MachineA018,06cd3912-9681-4ea4-af2d-05f9c95fd006,07/05/2022 05:41,07/05/2022 05:41
MachineA018,ab101b5f-028d-4e3e-a445-95c33d45fa87,07/05/2022 05:56,07/05/2022 05:56
MachineA018,ab9c9a7f-85a1-4258-b622-95b25ba604d5,07/05/2022 05:46,07/05/2022 05:46
MachineA018,46afa5f8-9026-4172-8676-e2f28c9d8ada,07/05/2022 05:51,07/05/2022 05:51
MachineA018,dd54c44f-789e-4973-bb7f-09df7c75d3bd,07/05/2022 07:01,07/05/2022 07:01
MachineA018,7b1ff3d0-4be5-44c3-84df-5f1890630b37,07/05/2022 07:06,07/05/2022 07:06
MachineA018,584f8bc9-c048-4eea-abd3-436c5130cda3,07/05/2022 07:11,07/05/2022 07:11
MachineA018,b24a117a-e21b-4fb2-a6e7-d62d4903898a,07/05/2022 07:21,07/05/2022 07:21
MachineA018,2f95756d-fab8-42f7-9a49-c7b766c5c510,07/05/2022 07:16,07/05/2022 07:16
MachineA018,da9f70f1-a6df-4892-9c42-7a623dec2bcf,07/05/2022 07:31,07/05/2022 07:31
MachineA018,74fea4ab-932f-47f4-8619-bd097deb28ef,07/05/2022 07:36,07/05/2022 07:36
MachineA018,e81957ea-6a87-401e-abb4-27a2efa2e9f0,07/05/2022 07:26,07/05/2022 07:26
MachineA018,90002912-9911-4e88-8cb1-540b2d856733,07/05/2022 06:51,07/05/2022 06:51
MachineA018,093dd5d0-9d9a-43c4-9a05-829898a43b14,07/05/2022 06:46,07/05/2022 06:46
MachineA018,99c35451-8b9c-4a2d-829a-b78e880c407f,07/05/2022 06:56,07/05/2022 06:56
MachineA018,af5969ec-f2ff-49ba-982c-811b12aebb6c,07/05/2022 06:31,07/05/2022 06:31
MachineA018,0c946406-d199-4c12-ae32-3b2f23790879,07/05/2022 06:36,07/05/2022 06:36
MachineA018,4effaf45-f769-433b-a24d-c5149ef49109,07/05/2022 06:41,07/05/2022 06:41
MachineA018,2df5059a-a8da-48a2-8da5-0e061fe29a18,07/05/2022 06:16,07/05/2022 06:16
MachineA018,061e9f18-7544-4dac-9a52-99c510848b6b,07/05/2022 06:21,07/05/2022 06:21
MachineA018,1ba66f37-ff84-4683-8f07-35777de827eb,07/05/2022 06:26,07/05/2022 06:26
MachineA018,5e2b994c-d3d8-4e4d-9b27-3e73b6bda607,07/05/2022 10:01,07/05/2022 10:01
MachineA018,58232dca-692b-445e-8722-75d1bc2d9dda,07/05/2022 10:06,07/05/2022 10:06
MachineA018,b896e125-a218-4c87-9716-aad0c07033ae,07/05/2022 10:11,07/05/2022 10:11
MachineA018,64319c4a-ecab-4087-a1b6-ba94304c8f5a,07/05/2022 10:16,07/05/2022 10:16
MachineA018,1648234e-37bd-48f5-9e6c-0c4a51488189,07/05/2022 09:56,07/05/2022 09:56
MachineA018,617f47af-f830-40c8-ac42-913a2bb1571d,07/05/2022 09:51,07/05/2022 09:51
MachineA018,6701d0e2-ec67-4f93-85fa-f7687b301aa4,07/05/2022 09:46,07/05/2022 09:46
MachineA018,a48b258a-eac1-4ab7-9fa2-c6a073fb8449,07/05/2022 09:41,07/05/2022 09:41
MachineA018,7192d5c4-f75f-434b-a9a2-6eae8ef1bab7,07/05/2022 09:36,07/05/2022 09:36
MachineA018,3964de15-3873-4091-be4a-64de0fb1969c,07/05/2022 09:31,07/05/2022 09:31
MachineA018,215c6c89-e79c-4b6c-bf10-c3ec995dfb34,07/05/2022 09:26,07/05/2022 09:26
MachineA018,5132d656-8ab8-41e9-9181-ab11338c2b76,07/05/2022 09:21,07/05/2022 09:21
MachineA018,82542c22-435d-48c0-ba2e-cc0f524ca5d8,07/05/2022 09:16,07/05/2022 09:16
MachineA018,f939ebdc-04ea-46ae-b7df-73767bbb9c85,07/05/2022 09:01,07/05/2022 09:01
MachineA018,070072f4-5eb7-4499-aa13-de79f7a0a3fa,07/05/2022 09:06,07/05/2022 09:06
MachineA018,06ce2b4d-6a69-4a66-9698-0aa1e8eef1b8,07/05/2022 09:11,07/05/2022 09:11
MachineA018,af097cbf-da64-47e9-9e28-cfcc98532958,07/05/2022 07:56,07/05/2022 07:56
MachineA018,cf4a08ed-2785-4775-80f1-676e78e12598,07/05/2022 07:41,07/05/2022 07:41
MachineA018,3e3ecd29-fb9c-44f2-9ecf-7704d4af526e,07/05/2022 07:51,07/05/2022 07:51
MachineA018,ca2762aa-9fec-4034-8ae5-1716cf9f5a1c,07/05/2022 07:46,07/05/2022 07:46
MachineA018,e7ef70fd-cdd9-4194-ac36-8de85870b492,07/05/2022 08:01,07/05/2022 08:01
MachineA018,394513e8-1e80-471d-92f6-c73eb5ad11b3,07/05/2022 08:16,07/05/2022 08:16
MachineA018,d268404c-056b-48c1-9522-27aa04b12f44,07/05/2022 08:11,07/05/2022 08:11
MachineA018,6a30392d-42f4-48df-a86d-3b0d676a77d5,07/05/2022 08:06,07/05/2022 08:06
MachineA018,fc2af758-6510-4407-96f7-c558bed54e81,07/05/2022 08:31,07/05/2022 08:31
MachineA018,9570af77-2eda-432b-bca3-3951f6d27135,07/05/2022 08:36,07/05/2022 08:36
MachineA018,7e1da62a-c0ea-4998-b16b-89c6e8343c6c,07/05/2022 08:26,07/05/2022 08:26
MachineA018,9694a8c0-d3a8-46f7-a4a7-8d1104ba586f,07/05/2022 08:21,07/05/2022 08:21
MachineA018,f6bdc65a-0fbe-42b5-badc-7281081012ae,07/05/2022 08:41,07/05/2022 08:41
MachineA018,65a3fc75-6ce9-40f2-8219-22c07e6d6458,07/05/2022 08:46,07/05/2022 08:46
MachineA018,36bdeab3-176a-40cf-b7df-4c98264955d1,07/05/2022 08:56,07/05/2022 08:56
MachineA018,f718900a-bc85-4d7e-a7c5-7f374c8f57f4,07/05/2022 08:51,07/05/2022 08:51
MachineA018,059c9549-95d7-4896-b034-939c002be92e,07/05/2022 14:01,07/05/2022 14:01
MachineA018,99276fdd-e8cd-4e8b-9514-870134cdefd9,07/05/2022 14:06,07/05/2022 14:06
MachineA018,7a7487b0-7813-437a-a2ca-1e96b2c9fad1,07/05/2022 14:11,07/05/2022 14:11
MachineA018,0c3e1dcc-15c4-4e9f-b138-d1501b8d05cc,07/05/2022 14:16,07/05/2022 14:16
MachineA018,8fe9b3a6-0aec-4f63-a0b8-9dc3a64ad744,07/05/2022 14:21,07/05/2022 14:21
MachineA018,ec1ba224-7b4e-4b74-96e2-b7079989dc8d,07/05/2022 13:46,07/05/2022 13:46
MachineA018,f7d2c428-d6e5-46e4-bf7a-5b5be5f9c06d,07/05/2022 13:56,07/05/2022 13:56
MachineA018,e8c57b6d-ca05-43fd-9c98-38644e4cb437,07/05/2022 13:51,07/05/2022 13:51
MachineA018,3895e16f-ffef-4111-a22c-1a20bd6c3a8d,07/05/2022 13:31,07/05/2022 13:31
MachineA018,c6d66d93-0543-4988-a8fe-620c2189ce11,07/05/2022 13:36,07/05/2022 13:36
MachineA018,a43cd9e0-7b4c-4959-96e7-933d7a14127d,07/05/2022 13:41,07/05/2022 13:41
MachineA018,e1068c5c-4ebf-4dfa-8d7c-c98184a95a47,07/05/2022 12:56,07/05/2022 12:56
MachineA018,7a1baf2f-54c0-49bf-acc3-92fc0110cf7e,07/05/2022 12:51,07/05/2022 12:51
MachineA018,a73daad4-c161-46ce-aa58-9e0e4995c23c,07/05/2022 12:46,07/05/2022 12:46
MachineA018,1d27b8da-7ce4-4080-9a4c-138fe9005a6a,07/05/2022 13:01,07/05/2022 13:01
MachineA018,8b676c89-9803-4cb7-a7d3-4e077cb6c9d4,07/05/2022 13:06,07/05/2022 13:06
MachineA018,f9121f6a-e3c9-4eab-b9db-1c8ffe872a7b,07/05/2022 13:11,07/05/2022 13:11
MachineA018,1b144b7d-ae27-4b0e-910c-bae1a9304b28,07/05/2022 13:21,07/05/2022 13:21
MachineA018,1ff6118b-497b-4ef4-9404-1cf0cfa65474,07/05/2022 13:16,07/05/2022 13:16
MachineA018,969dceb3-3e84-4264-8cd2-311c5f50b864,07/05/2022 13:26,07/05/2022 13:26
MachineA018,934374a9-184b-4a54-b7c8-71d3422d36ed,07/05/2022 10:31,07/05/2022 10:31
MachineA018,812384d4-6f53-463e-aa55-4706c166e60f,07/05/2022 10:26,07/05/2022 10:26
MachineA018,f041ad68-a9f9-4a53-a887-bb4c4078d947,07/05/2022 10:21,07/05/2022 10:21
MachineA018,d6314967-2b1a-4b76-ada1-8c89519e14a4,07/05/2022 10:36,07/05/2022 10:36
MachineA018,34cdcb44-5c77-47f4-89ee-0819dab864ae,07/05/2022 10:41,07/05/2022 10:41
MachineA018,7fe9a6e4-0409-4c13-b308-0d5c270d886e,07/05/2022 10:46,07/05/2022 10:46
MachineA018,3b450828-d105-41b6-9aa1-f3386c0fa27e,07/05/2022 10:56,07/05/2022 10:56
MachineA018,19623dd7-d52b-493e-b45d-046f310319c7,07/05/2022 11:01,07/05/2022 11:01
MachineA018,b3e79a37-f8fd-48b9-9a86-4e8c51cf0c8f,07/05/2022 11:06,07/05/2022 11:06
MachineA018,93f585cc-e3fd-4579-8aea-3924af7fb895,07/05/2022 10:51,07/05/2022 10:51
MachineA018,764ba433-878e-42b8-9bf3-6007e252452e,07/05/2022 11:26,07/05/2022 11:26
MachineA018,83054316-3c14-4537-bf3b-8253ac8479f0,07/05/2022 11:21,07/05/2022 11:21
MachineA018,79707061-3866-42ab-86f8-4503eb110d95,07/05/2022 11:11,07/05/2022 11:11
MachineA018,0b9dc4bc-c29b-4ba2-b924-5f787d09b9f9,07/05/2022 11:16,07/05/2022 11:16
MachineA018,821b3f8c-b631-4727-bf9d-dad07f654836,07/05/2022 11:31,07/05/2022 11:31
MachineA018,960d4458-7598-4300-95b3-11d3e34db7fb,07/05/2022 11:36,07/05/2022 11:36
MachineA018,c2eb6ea2-ab27-4891-b92d-4b4f2eb96481,07/05/2022 11:41,07/05/2022 11:41
MachineA018,75497295-af71-41fd-9fec-53e50754ee0f,07/05/2022 12:01,07/05/2022 12:01
MachineA018,aa0cad51-1056-4e4a-94da-fdf3791d7858,07/05/2022 11:46,07/05/2022 11:46
MachineA018,a9cec58f-d164-4072-b22e-a6fdfa682761,07/05/2022 11:56,07/05/2022 11:56
MachineA018,5a63a44b-cacb-4d48-acdc-97a1d6292c77,07/05/2022 11:51,07/05/2022 11:51
MachineA018,386f833b-e1c1-4b3b-8a8b-4cd89e66cd42,07/05/2022 12:31,07/05/2022 12:31
MachineA018,436139e1-9997-4d52-8e2b-e3f36ab14213,07/05/2022 12:21,07/05/2022 12:21
MachineA018,881be140-932c-4f27-860e-8ac98d32ec5c,07/05/2022 12:36,07/05/2022 12:36
MachineA018,330692ed-eb5e-4700-a543-62f8dd76c375,07/05/2022 12:41,07/05/2022 12:41
MachineA018,0ca9ee70-1b19-4619-a535-4defdabdeea9,07/05/2022 12:06,07/05/2022 12:06
MachineA018,6c7b1783-47e9-44c0-94b9-f82e14d183ef,07/05/2022 12:11,07/05/2022 12:11
MachineA018,5a41c822-bdf2-4c20-a58d-8c98ee5c0a9d,07/05/2022 12:16,07/05/2022 12:16
MachineA018,e06f1ab0-01f5-442b-9b13-c679322faefc,07/05/2022 12:26,07/05/2022 12:26
MachineA018,d6ebaf47-7a0c-4bba-9de9-7ab003da791e,07/05/2022 09:36,07/05/2022 09:36
MachineA018,4fe4267a-9156-4ad4-97dc-b9ffababfffc,07/05/2022 09:41,07/05/2022 09:41
MachineA018,bb69ec7c-8d21-44bb-8d2b-7e2099406139,07/05/2022 09:46,07/05/2022 09:46
MachineA018,b38aa7af-0163-4582-a5a5-1a0c31cbcc04,07/05/2022 10:06,07/05/2022 10:06
MachineA018,92a48146-4693-4086-8a95-adc023b43b90,07/05/2022 10:16,07/05/2022 10:16
MachineA018,08bc4823-6885-4c3b-9ed5-07d0fe86034e,07/05/2022 10:11,07/05/2022 10:11
MachineA018,645c8083-5313-4164-90dd-e0ff1a20e66b,07/05/2022 10:01,07/05/2022 10:01
MachineA018,55ba7906-d56e-4e21-994b-7f743a8f1945,07/05/2022 09:51,07/05/2022 09:51
MachineA018,f91a6987-ba0e-47f6-8c69-dbeb4094d459,07/05/2022 09:56,07/05/2022 09:56
MachineA021,830e1f0e-4b1a-4d18-bb26-c6ee6325b317,07/05/2022 13:00,07/05/2022 13:00
MachineA021,1653f31e-12aa-4094-91f1-218c662ba3f9,07/05/2022 14:00,07/05/2022 14:00
MachineA021,3b09ae0e-26a4-429b-91b7-631cbc922f1f,07/05/2022 06:00,07/05/2022 06:00
MachineA021,ef402f00-b4e7-473d-8410-0fa8b7df2d91,07/05/2022 06:30,07/05/2022 06:30
MachineA021,654c4368-a8a1-4847-9f66-e5d12aeea235,07/05/2022 06:00,07/05/2022 06:00
MachineA021,6561e4ba-8f6c-49a9-95b1-3ac210dffeca,07/05/2022 10:00,07/05/2022 10:00
MachineA021,53244516-fa2c-4fe3-a58e-f8ac5f39e5c8,07/05/2022 14:00,07/05/2022 14:00
MachineA021,e278b989-5871-4d12-840c-a02778f5a821,07/05/2022 10:30,07/05/2022 10:32
MachineA021,9e596fe6-cbec-440b-b229-b34977793dc6,07/05/2022 06:30,07/05/2022 06:50
MachineA021,93bed97b-7bb6-46e7-9802-6840ea803eea,07/05/2022 12:00,07/05/2022 12:00
MachineA021,b9e01ac7-4178-4526-b279-979f37b46ec7,07/05/2022 08:00,07/05/2022 08:00
MachineA022,eb9b0222-9c99-4960-b326-00e539f39cf8,07/05/2022 14:00,07/05/2022 14:19
MachineA022,28c5b518-4867-4b5f-a2c3-3c25c9315e1e,07/05/2022 14:00,07/05/2022 14:20
MachineA022,ee3cb806-0dcc-4860-9ccb-edf2ef69ba5f,07/05/2022 14:00,07/05/2022 14:20
MachineA019,3dbf51c4-d43c-492c-8351-844da7823462,07/05/2022 10:00,07/05/2022 10:01
MachineA019,adc00682-db6c-4fdf-807f-d41320f1c9c1,07/05/2022 07:00,07/05/2022 07:01
MachineA019,0e6abfd5-2e2e-4641-8deb-e4e1696bde2c,07/05/2022 07:30,07/05/2022 07:34
MachineA019,a7cd2847-20d1-41f1-b9a9-be012a97feaa,07/05/2022 10:30,07/05/2022 10:46
MachineA019,214e59a4-7373-44b0-a2b0-516f39fc6b27,07/05/2022 13:30,07/05/2022 13:30
MachineA027,7192c443-0545-44b9-94ba-6d15bc4786cb,07/05/2022 05:30,07/05/2022 05:31
MachineA027,59b2132a-58d4-478f-be42-685d87921b8d,07/05/2022 05:00,07/05/2022 05:01
MachineA027,11675233-5481-49fe-9351-bf9db600d685,07/05/2022 06:00,07/05/2022 06:01
MachineA027,5e4d355b-33f3-4956-8019-4eecaadfe2b2,07/05/2022 07:30,07/05/2022 07:31
MachineA027,7de51b04-e36a-4d11-8306-29e3b0c7c803,07/05/2022 07:00,07/05/2022 07:02
MachineA027,4a11423f-56a2-48d0-849c-62eb55a1f920,07/05/2022 06:30,07/05/2022 06:31
MachineA027,6e4e9f65-83c8-412b-95d0-2e28372d6573,07/05/2022 10:00,07/05/2022 10:01
MachineA027,40e85216-7ed5-4665-80ea-e0a71196e7c4,07/05/2022 09:30,07/05/2022 09:31
MachineA027,3c5695a3-4989-4629-9ff0-939db95ed7af,07/05/2022 09:00,07/05/2022 09:01
MachineA027,fc6970e0-1048-4e5b-8296-4f316b289655,07/05/2022 08:00,07/05/2022 08:01
MachineA027,1a321856-ec3f-44d4-be3f-5599331091ab,07/05/2022 08:30,07/05/2022 08:31
MachineA027,bb3508e2-0058-4522-b479-de339c6d61af,07/05/2022 13:30,07/05/2022 13:31
MachineA027,875f1b06-e857-47fd-b226-a3a9125bef13,07/05/2022 14:00,07/05/2022 14:01
MachineA027,c64cd118-cad2-456d-ae41-4bf039cd0481,07/05/2022 13:00,07/05/2022 13:01
MachineA027,3124a072-35b8-462e-b1a6-db9b66abdad7,07/05/2022 10:30,07/05/2022 10:31
MachineA027,c469aef2-12b6-4516-bd27-000812767ab0,07/05/2022 11:00,07/05/2022 11:01
MachineA027,e5b1ada2-7445-4ad4-923c-f84d65683bc4,07/05/2022 12:00,07/05/2022 12:01
MachineA027,6712f50e-45c8-4018-a19d-6d5f5c2757c0,07/05/2022 11:30,07/05/2022 11:31
MachineA027,01e081f4-5189-42d6-b075-9dd977b80ced,07/05/2022 12:30,07/05/2022 12:31
MachineA027,4fb8f102-0ba4-4d5b-9eef-8f606f9d59be,07/05/2022 05:05,07/05/2022 05:06
MachineA027,7b332fd7-4e35-4e92-aff5-217b78fb64a4,07/05/2022 05:35,07/05/2022 05:36
MachineA027,71519cb9-acb4-492a-9aa3-bf44f5acd8d2,07/05/2022 06:05,07/05/2022 06:06
MachineA027,e4488f6c-3338-48ba-a215-69720a6a6e7e,07/05/2022 07:05,07/05/2022 07:06
MachineA027,e645d3c7-f459-4263-84cd-f46978463cf8,07/05/2022 07:35,07/05/2022 07:36
MachineA027,ff3ef7e3-0b60-451e-acfe-149026033a29,07/05/2022 06:35,07/05/2022 06:36
MachineA027,333c20dc-828f-4f19-aede-b0ffad11b454,07/05/2022 10:05,07/05/2022 10:06
MachineA027,82b71065-7e67-4b50-a2fe-42e1c05131e6,07/05/2022 09:35,07/05/2022 09:36
MachineA027,6dd78f4e-b464-4452-9faa-c0f29b3c7660,07/05/2022 09:05,07/05/2022 09:06
MachineA027,64fff15b-c91a-4027-8f84-dc65cfbd23ab,07/05/2022 08:05,07/05/2022 08:35
MachineA027,9af306b7-c82f-4ce1-9808-1654b84c2840,07/05/2022 08:36,07/05/2022 08:36
MachineA027,6ff60bb5-a450-402c-802a-9fe4a6c9cc2d,07/05/2022 14:05,07/05/2022 14:06
MachineA027,13fcf41a-ec09-421b-a6cc-cd7a0419ace8,07/05/2022 13:35,07/05/2022 13:36
MachineA027,d62eda22-2d86-4f24-b4f3-8a578f01083f,07/05/2022 13:05,07/05/2022 13:06
MachineA027,1abab4fb-5668-4d77-a4b2-85207db4b4f0,07/05/2022 10:35,07/05/2022 10:36
MachineA027,d493a5f6-e24f-4b68-b0e9-dbca166d61f2,07/05/2022 11:05,07/05/2022 11:06
MachineA027,cc5edc32-a897-41d3-beaa-6d3217b981e9,07/05/2022 11:35,07/05/2022 11:36
MachineA027,0128782f-fd9a-46fa-9ff6-732dac28eb77,07/05/2022 12:05,07/05/2022 12:06
MachineA027,fb3eea7e-d57d-4ba8-b758-44db2c75b6f7,07/05/2022 12:35,07/05/2022 12:36
MachineA010,9038dd42-b0f2-4ae1-a04d-8739383239eb,07/05/2022 05:30,07/05/2022 05:32
MachineA023,c7dca397-a1d7-4ba9-adae-1bef7ce0f807,07/05/2022 14:00,07/05/2022 14:00
MachineA023,21c7d1e8-f576-4157-a2fc-be647d4a41f1,07/05/2022 13:45,07/05/2022 13:45
MachineA023,453a3284-ff95-4b38-8d42-eb4ca11f5f86,07/05/2022 13:30,07/05/2022 13:30
MachineA023,9fc52af8-17d3-47ac-8df2-543ed9f1d8db,07/05/2022 13:15,07/05/2022 13:15
MachineA023,59c9960a-01fc-42a3-9203-2a4d7fb572ee,07/05/2022 13:00,07/05/2022 13:00
MachineA023,0d0e82f7-fb7e-4c79-8aa1-6de7816a0794,07/05/2022 14:15,07/05/2022 14:15
MachineA023,e19d62a0-6ebe-45f9-8857-241a3cce4c68,07/05/2022 12:15,07/05/2022 12:15
MachineA023,81b40d0e-fda4-4594-a1a7-2379fe1da483,07/05/2022 12:45,07/05/2022 12:45
MachineA023,21dcd1e1-f5b8-4a1d-91ad-28251c234a72,07/05/2022 12:30,07/05/2022 12:30
MachineA023,106c06ff-3654-4613-bf67-0ce7b78e48bf,07/05/2022 11:45,07/05/2022 11:45
MachineA023,d7a26b98-941e-45eb-9d58-2feea0f58972,07/05/2022 12:00,07/05/2022 12:00
MachineA023,cc9a7c2a-b547-4d51-8724-a1ad22101e02,07/05/2022 10:45,07/05/2022 10:45
MachineA023,c4aa16c2-3f68-4453-9a38-d9382295b9de,07/05/2022 10:30,07/05/2022 10:30
MachineA023,a337c3d6-0c47-42c5-a30e-ddd8ef72386f,07/05/2022 11:15,07/05/2022 11:15
MachineA023,b23973c4-e73d-45c1-bdab-3174c6c9f845,07/05/2022 11:30,07/05/2022 11:30
MachineA023,f01f68b4-e13e-4ff5-8506-d971cfa6d259,07/05/2022 11:00,07/05/2022 11:00
MachineA023,c296d56b-9758-4a09-b103-194bd997f52b,07/05/2022 05:00,07/05/2022 05:00
MachineA023,d6330157-bd40-4b3e-9d5d-3960ac4fe8ff,07/05/2022 05:15,07/05/2022 05:15
MachineA023,9534367f-893b-426b-9492-7cb92a4469d6,07/05/2022 05:30,07/05/2022 05:30
MachineA023,afd31c94-1628-4179-bdbf-f0f06b6b3a63,07/05/2022 06:15,07/05/2022 06:15
MachineA023,f0a7594f-a343-45b0-bf68-e45f3cbc0df9,07/05/2022 06:00,07/05/2022 06:00
MachineA023,836c39fb-c5bc-43cd-907a-75e86ddad85b,07/05/2022 05:45,07/05/2022 05:45
MachineA023,387d8b3b-dc12-427f-aa95-d5d4fbdef0fb,07/05/2022 07:00,07/05/2022 07:00
MachineA023,8b291d84-dd89-49a9-a0db-c3fd48466a39,07/05/2022 07:15,07/05/2022 07:15
MachineA023,ba57119f-81c3-43d8-9c7a-42b1a9f1ffeb,07/05/2022 07:30,07/05/2022 07:30
MachineA023,d58d3fdc-d553-48b8-81a2-a29cb74daf4d,07/05/2022 08:30,07/05/2022 08:30
MachineA023,ef233dfe-760f-4a2f-94a6-d6915c72e522,07/05/2022 08:45,07/05/2022 08:45
MachineA023,467a266b-b022-4ac1-826e-b47def5bdfff,07/05/2022 09:00,07/05/2022 09:00
MachineA023,83363782-e939-4bbe-9efe-8dcd645eca60,07/05/2022 07:45,07/05/2022 07:45
MachineA023,3c7b1254-9219-4079-baca-dd9878a5d3ae,07/05/2022 08:00,07/05/2022 08:00
MachineA023,49533123-a32a-4ff3-b5f6-ef0268157783,07/05/2022 08:15,07/05/2022 08:15
MachineA023,bf0f5c3f-48e5-46b4-9b15-01df46c9ebd8,07/05/2022 09:15,07/05/2022 09:15
MachineA023,795eab7f-5be6-44a5-86ee-c52b6b7589e5,07/05/2022 09:30,07/05/2022 09:31
MachineA023,3b032073-cab0-4a76-82bf-2bf1d9d24433,07/05/2022 09:45,07/05/2022 09:45
MachineA023,2bc0eedc-8f6b-43cc-9923-a6c8d22ba9f0,07/05/2022 10:00,07/05/2022 10:00
MachineA023,476fe2fc-a0fc-407f-9a48-222c256fdfb6,07/05/2022 10:15,07/05/2022 10:15
MachineA027,294b0793-8177-49f1-85a7-b497845dc52a,07/05/2022 12:35,07/05/2022 12:36
MachineA027,1170458a-2478-4e07-9037-327a614ff79f,07/05/2022 12:05,07/05/2022 12:06
MachineA027,cda05c24-3e9a-45e3-a61c-977b11ea8435,07/05/2022 11:35,07/05/2022 11:36
MachineA027,da87346f-ed05-4503-a961-42e4bbfe880e,07/05/2022 11:05,07/05/2022 11:06
MachineA027,f945bebb-7a71-44bd-9e7e-5a089fc3f6c4,07/05/2022 10:35,07/05/2022 10:36
MachineA027,03f4c66a-51af-41b5-991c-37b0db19cb36,07/05/2022 13:05,07/05/2022 13:06
MachineA027,8ada8e2c-5e02-4c16-9d2b-c78d28f4afa2,07/05/2022 13:35,07/05/2022 13:36
MachineA027,2a5ebb07-7da4-4288-8973-dc4e758b1c6b,07/05/2022 14:05,07/05/2022 14:06
MachineA027,db89384f-7043-492f-9f87-5008cdd3b171,07/05/2022 08:35,07/05/2022 08:36
MachineA027,7df90a97-2c0d-4216-9db1-ba02e7ccb808,07/05/2022 08:05,07/05/2022 08:06
MachineA027,603c7c59-d75e-432a-b5b7-4e5d41bf0343,07/05/2022 09:05,07/05/2022 09:06
MachineA027,00241a8e-57de-4e0d-9798-a45eb74281aa,07/05/2022 09:35,07/05/2022 09:36
MachineA027,9cc667d9-0121-4ade-99b1-c467660c6537,07/05/2022 10:05,07/05/2022 10:06
MachineA027,8804f247-7841-4e65-b07d-f4080cbe6471,07/05/2022 06:35,07/05/2022 06:36
MachineA027,7de7f9c6-affd-4d60-a3ab-bb50803bdae4,07/05/2022 07:35,07/05/2022 07:36
MachineA027,5cfdee5c-2c16-4da7-9bbd-cb42629e92fa,07/05/2022 07:05,07/05/2022 07:06
MachineA027,400c8265-2570-4068-915f-794fd61dc327,07/05/2022 06:05,07/05/2022 06:06
MachineA027,ebbd7a6b-ba07-4057-bdb6-7a563469d286,07/05/2022 05:35,07/05/2022 05:36
MachineA027,e76cf4d6-9b6d-4620-9f6c-1822989c3653,07/05/2022 05:05,07/05/2022 05:06
MachineA023,3d775e24-0028-4253-8fb2-9280d882ce70,07/05/2022 05:30,07/05/2022 05:30
MachineA023,e58ed84d-c4f4-440c-b673-b012c2cb3da7,07/05/2022 05:00,07/05/2022 05:00
MachineA023,9c028dc8-95db-4628-963b-0ad107ccd2cf,07/05/2022 06:00,07/05/2022 06:00
MachineA023,ff381b1e-bcd9-46b0-a9e7-0f64d014f835,07/05/2022 07:00,07/05/2022 07:00
MachineA023,c871afc9-cd72-4316-893c-3ce13bbf8f60,07/05/2022 07:30,07/05/2022 07:30
MachineA023,7c6f2713-b7b9-461f-a46c-813d454f46ee,07/05/2022 10:00,07/05/2022 10:00
MachineA023,735081bd-706f-4e79-934c-7303b6334d5e,07/05/2022 06:30,07/05/2022 06:30
MachineA023,0567002b-19af-45a3-aba9-7c186221d36d,07/05/2022 09:30,07/05/2022 09:30
MachineA023,289dc1aa-28cf-4bd0-af1c-0f53697d6d70,07/05/2022 09:00,07/05/2022 09:00
MachineA023,91b2bb7f-a7c9-4639-91f2-dc8345b116d8,07/05/2022 08:00,07/05/2022 08:00
MachineA023,5c8d7f4c-536b-4bce-a06a-aec4316b5a74,07/05/2022 08:30,07/05/2022 08:30
MachineA023,0cde6935-ca8c-442f-bfef-14e58926f873,07/05/2022 13:00,07/05/2022 13:00
MachineA023,13127eb4-8505-4804-a023-a7829c758274,07/05/2022 13:30,07/05/2022 13:30
MachineA023,64e23e6b-8310-4d6f-ad02-97d6b8dd283e,07/05/2022 14:00,07/05/2022 14:00
MachineA023,1de26d49-2ae9-4a14-8bba-85c95dbd5790,07/05/2022 10:30,07/05/2022 10:30
MachineA023,14a38335-13d3-4fcf-9651-6bd6fccd30bb,07/05/2022 11:00,07/05/2022 11:00
MachineA023,f51d5da6-ddce-4eb4-81b5-1b49d1c58a09,07/05/2022 11:30,07/05/2022 11:30
MachineA023,b2d84965-9406-466e-b5a7-6d2880a3f331,07/05/2022 12:00,07/05/2022 12:00
MachineA023,dfc77204-f80e-4c15-994e-95c5a478708b,07/05/2022 12:30,07/05/2022 12:30
MachineA023,a8bf3fb4-c68a-408e-9d6b-30fb627cf387,07/05/2022 12:01,07/05/2022 12:01
MachineA023,c9af998c-9979-473b-b191-f987a3ca0eb4,07/05/2022 11:31,07/05/2022 11:31
MachineA023,aa805783-4123-421c-b99c-37491f19ee80,07/05/2022 11:01,07/05/2022 11:01
MachineA023,45e5a4c5-18a5-40bf-981f-4fb30534026b,07/05/2022 10:31,07/05/2022 10:31
MachineA023,10c6170c-7b48-4df4-aed9-264b83c7318b,07/05/2022 12:31,07/05/2022 12:31
MachineA023,5d8c6cd0-839d-4860-999b-6a87332a2bd6,07/05/2022 13:31,07/05/2022 13:32
MachineA023,a484f6e1-f73f-4aed-9867-adebe073866a,07/05/2022 13:01,07/05/2022 13:03
MachineA023,a46ac5c9-6761-412a-bf18-e1db16474189,07/05/2022 14:01,07/05/2022 14:01
MachineA023,72592bdf-85b8-46ff-940c-191c739c36f9,07/05/2022 08:31,07/05/2022 08:31
MachineA023,1674b361-0063-465e-99c7-abb63ac17517,07/05/2022 08:01,07/05/2022 08:01
MachineA023,f9205cba-cdd1-4bf7-80ac-bcd6671a0eb7,07/05/2022 07:31,07/05/2022 07:31
MachineA023,e3a79d14-e2e6-4a9a-9c95-7b89a6bfa91f,07/05/2022 09:01,07/05/2022 09:03
MachineA023,e53c1f14-a199-4f1c-8028-8892206452e4,07/05/2022 09:31,07/05/2022 09:31
MachineA023,c5c3d873-6db2-41d4-b83d-38318f534119,07/05/2022 10:01,07/05/2022 10:01
MachineA023,3db37e3c-365c-4563-9b74-a73d65580212,07/05/2022 06:31,07/05/2022 06:31
MachineA023,3d6fd501-5209-43d3-bd32-8e6719269f8f,07/05/2022 07:01,07/05/2022 07:01
MachineA023,9829b28b-098d-4224-8bfc-beb6adb96b10,07/05/2022 06:01,07/05/2022 06:03
MachineA023,1fdc333c-917f-4e8b-b3fd-c119819a97d8,07/05/2022 05:01,07/05/2022 05:01
MachineA023,0cb35ee4-8e6a-4566-b250-dfd826c864df,07/05/2022 05:31,07/05/2022 05:31
MachineA027,a5d9e35b-c6a0-4ccd-8df3-967898cf4f05,07/05/2022 12:30,07/05/2022 12:30
MachineA027,e2bd4c10-b53d-4ff5-9221-788e69c2abe3,07/05/2022 05:00,07/05/2022 05:00
MachineA023,e59bb7e0-a332-4907-b612-194c3ef628e4,07/05/2022 10:10,07/05/2022 10:11
MachineA023,fe4c04e9-95e3-458f-9b1a-61e5e45d2a64,07/05/2022 10:05,07/05/2022 10:06
MachineA023,8629d1bf-415e-43f5-97a8-3acf98173731,07/05/2022 10:15,07/05/2022 10:16
MachineA023,27d9b23a-54e3-41d6-8a5d-2015e9f6749c,07/05/2022 09:55,07/05/2022 09:56
MachineA023,4110f464-8e8a-4489-91f8-62a087e46ee4,07/05/2022 09:50,07/05/2022 09:51
MachineA023,3fa45842-4eb6-446f-bda6-df5ee360fa99,07/05/2022 10:00,07/05/2022 10:01
MachineA023,ea683ef7-562b-4a28-9a9f-f704b265cbe2,07/05/2022 09:45,07/05/2022 09:46
MachineA023,73b0e74e-7152-478c-b6f3-ba4baca3ced0,07/05/2022 09:40,07/05/2022 09:41
MachineA023,91879fd0-ec7b-4419-b7c8-3a39ed4b529e,07/05/2022 09:35,07/05/2022 09:36
MachineA023,72403347-c91d-4366-a069-de0e823567fe,07/05/2022 09:25,07/05/2022 09:26
MachineA023,5a7f8e6f-1c81-4401-96c2-d6e4c3398f70,07/05/2022 09:30,07/05/2022 09:31
MachineA023,371d3add-89fa-4b66-b9ed-86355987c652,07/05/2022 09:20,07/05/2022 09:21
MachineA023,547e9800-84cd-4a11-a333-29380c509b37,07/05/2022 09:15,07/05/2022 09:16
MachineA023,b72532ca-5619-4ef7-ba39-dd9c062d35d4,07/05/2022 09:10,07/05/2022 09:11
MachineA023,865357b2-aaaa-4586-b1cb-a2b05664c5ad,07/05/2022 09:05,07/05/2022 09:06
MachineA023,0bcd2b32-d613-474d-871a-a9c2e47ebefc,07/05/2022 08:05,07/05/2022 08:06
MachineA023,1b55752f-1dfc-44c2-8819-719c7d97f05c,07/05/2022 08:15,07/05/2022 08:16
MachineA023,d7b5e46a-e30d-487a-b449-459cbb65ea1b,07/05/2022 08:10,07/05/2022 08:11
MachineA023,988ad599-6eb9-49b0-af94-359766e57c68,07/05/2022 07:55,07/05/2022 07:56
MachineA023,f32fa221-2d04-4ace-a922-bdcf1efbcb56,07/05/2022 08:00,07/05/2022 08:01
MachineA023,021061a6-2518-40de-96bc-577009a97b02,07/05/2022 07:50,07/05/2022 07:51
MachineA023,518e5702-fb7c-4c86-94c6-5807848b60d9,07/05/2022 07:45,07/05/2022 07:46
MachineA023,02663ecc-c31e-4d25-a690-a45e467c280e,07/05/2022 09:00,07/05/2022 09:01
MachineA023,0adb9bc9-7395-465f-80fd-0d1dfcb3e41f,07/05/2022 08:55,07/05/2022 08:56
MachineA023,efbf6fa6-70bf-4652-869a-d374d0e6386d,07/05/2022 08:40,07/05/2022 08:41
MachineA023,72b10237-9a80-44c6-9f6c-e7ab5a654725,07/05/2022 08:50,07/05/2022 08:51
MachineA023,f3bb0913-57af-464c-a7b2-6dea301c1312,07/05/2022 08:45,07/05/2022 08:46
MachineA023,8577e7a8-393d-4d36-886d-367657917d20,07/05/2022 08:30,07/05/2022 08:31
MachineA023,cd68ef6a-59a7-4939-87cd-259ee50f940f,07/05/2022 08:25,07/05/2022 08:26
MachineA023,19d8821c-b9e4-4167-84aa-a87f053a5949,07/05/2022 08:20,07/05/2022 08:21
MachineA023,184e1c9e-4600-4c89-9e6b-13947ad055d2,07/05/2022 08:35,07/05/2022 08:36
MachineA023,7a4b5782-9c45-42d8-8591-9fd762a93d9b,07/05/2022 07:25,07/05/2022 07:26
MachineA023,c2d6c7ed-e833-4b2a-99f2-9d91d3d170c7,07/05/2022 07:30,07/05/2022 07:31
MachineA023,5ac96dad-ae10-4c21-9c53-10f0a54b3173,07/05/2022 07:40,07/05/2022 07:42
MachineA023,ad387bda-b2f4-449b-b571-32c45ff0dc47,07/05/2022 07:35,07/05/2022 07:36
MachineA023,ff2184d3-7098-4260-8b4e-cd13d2d84c45,07/05/2022 07:20,07/05/2022 07:21
MachineA023,cdcd25e2-4721-4e04-83eb-6ea0d131f3ad,07/05/2022 07:15,07/05/2022 07:16
MachineA023,007346f3-6c24-4d5e-b3e3-732a6755145c,07/05/2022 07:10,07/05/2022 07:11
MachineA023,e04f9277-7db5-47a9-b1d5-2b24adaa7997,07/05/2022 07:05,07/05/2022 07:06
MachineA023,75142899-1c24-47c1-9549-671f8f47e716,07/05/2022 07:00,07/05/2022 07:01
MachineA023,37e47a95-3cb3-449f-89e2-b72118612cad,07/05/2022 06:55,07/05/2022 06:56
MachineA023,b7569282-bb92-43a6-a349-09e272ff1dad,07/05/2022 06:50,07/05/2022 06:52
MachineA023,15e879cd-e181-427c-96ca-b5f9100ddb07,07/05/2022 06:00,07/05/2022 06:01
MachineA023,580e78f1-5eb8-4876-8055-7b552afbab4b,07/05/2022 05:55,07/05/2022 05:56
MachineA023,8311dac3-3800-4838-87a3-6335e4edf8b7,07/05/2022 05:50,07/05/2022 05:51
MachineA023,36d1de11-e21a-44ca-a65b-966d288e9b24,07/05/2022 05:45,07/05/2022 05:46
MachineA023,d66baea2-ec2f-462c-8511-71033f165d61,07/05/2022 05:40,07/05/2022 05:41
MachineA023,f477fc17-e984-4e42-bab3-1d166422d08c,07/05/2022 06:05,07/05/2022 06:06
MachineA023,768540c1-374d-4174-90f2-eeb4b653bd56,07/05/2022 06:15,07/05/2022 06:16
MachineA023,7af121d2-0899-49ca-bcbd-02ba0de3bbbb,07/05/2022 06:10,07/05/2022 06:11
MachineA023,a0d84534-0265-4191-80f3-68a645f5e6bc,07/05/2022 05:30,07/05/2022 05:31
MachineA023,b31ef763-6369-4516-a940-f1dd2b49fba4,07/05/2022 05:25,07/05/2022 05:26
MachineA023,91391aa4-405f-41c6-9cd8-88efdbba9a3f,07/05/2022 05:20,07/05/2022 05:21
MachineA023,3d2a3d1c-7511-4e77-846c-e62fe2507721,07/05/2022 05:35,07/05/2022 05:36
MachineA023,1cbfacbe-b2fa-41ca-8681-95709891652a,07/05/2022 05:15,07/05/2022 05:16
MachineA023,13d726e0-cf9e-4693-b0e2-eed2a3527bca,07/05/2022 05:10,07/05/2022 05:11
MachineA023,ac518228-5c9d-44e1-89ea-b3f425fb6e8f,07/05/2022 05:05,07/05/2022 05:06
MachineA023,21e0d5ce-301c-424e-b19f-c5eee382f30b,07/05/2022 11:05,07/05/2022 11:06
MachineA023,be816ce8-9340-4afd-bd59-8f089ae4b856,07/05/2022 11:30,07/05/2022 11:31
MachineA023,bc7828ef-af0b-4b6e-b7a6-0061d39c0ca1,07/05/2022 11:25,07/05/2022 11:26
MachineA023,cb569f3d-e663-4c85-8e68-870d8bd79aad,07/05/2022 11:15,07/05/2022 11:16
MachineA023,6a94d720-112e-41eb-b6af-5b9e5e2300ed,07/05/2022 11:20,07/05/2022 11:21
MachineA023,d3af24e6-53a1-49a7-98a4-6af202f2b67f,07/05/2022 11:10,07/05/2022 11:11
MachineA023,e97ae6b7-c5b5-4eb0-b88d-98bd9fbab447,07/05/2022 10:25,07/05/2022 10:26
MachineA023,8dd774a0-a7f9-4c91-838d-2b4e1890b8b0,07/05/2022 10:20,07/05/2022 10:21
MachineA023,2d534f44-1455-409c-8abc-716ac0eb5910,07/05/2022 10:30,07/05/2022 10:31
MachineA023,d4648052-95f4-4757-ac74-6f925b5628da,07/05/2022 11:00,07/05/2022 11:01
MachineA023,1761f9e3-0071-4a29-a54f-862726d397d7,07/05/2022 10:55,07/05/2022 10:56
MachineA023,a2347e32-edb3-4397-bf5c-f0cb87396e2f,07/05/2022 10:50,07/05/2022 10:51
MachineA023,42e3dc57-9a16-4087-911d-5f4794da9f2c,07/05/2022 10:45,07/05/2022 10:46
MachineA023,235ba45a-db71-4a89-8ddd-801b222073b6,07/05/2022 10:40,07/05/2022 10:41
MachineA023,f267abc1-0c12-4658-a9ae-81078414f64b,07/05/2022 10:35,07/05/2022 10:36
MachineA023,991ec5f8-3103-4d63-b843-bbcf63fe0237,07/05/2022 11:55,07/05/2022 11:56
MachineA023,dc792a7a-275d-4397-81e4-cc6bb864f2f5,07/05/2022 12:00,07/05/2022 12:01
MachineA023,d7574335-f31c-45db-9ba0-b9abcd38ccf7,07/05/2022 11:50,07/05/2022 11:51
MachineA023,87cb9569-a73f-4caf-9fc2-d1e6cb7fbc54,07/05/2022 11:45,07/05/2022 11:46
MachineA023,ebad0c25-bc41-4faf-a5ac-6cdf3e947ca5,07/05/2022 11:40,07/05/2022 11:41
MachineA023,dec0b178-575c-4d2c-8614-2738492e0c15,07/05/2022 11:35,07/05/2022 11:36
MachineA023,2b9e4dcb-6d06-47d0-a357-9819b33a6117,07/05/2022 12:45,07/05/2022 12:46
MachineA023,a6aaa53d-63fa-4a38-879c-fbeb9676ed63,07/05/2022 12:40,07/05/2022 12:41
MachineA023,6e378008-74a8-493c-908b-df4a53f3567d,07/05/2022 12:35,07/05/2022 12:36
MachineA023,8fe7b5be-27ec-4a26-b334-da44717f70b4,07/05/2022 12:30,07/05/2022 12:31
MachineA023,8e280c6e-b06d-41f6-936f-961e6068e7fe,07/05/2022 12:25,07/05/2022 12:26
MachineA023,08672b5d-1502-425f-b1f2-110a9f7793b8,07/05/2022 12:20,07/05/2022 12:21
MachineA023,9cb529c1-61b3-47d4-828b-6c4f37258e2d,07/05/2022 12:15,07/05/2022 12:16
MachineA023,116c82ac-8232-42ca-9130-8f859cc486f5,07/05/2022 12:10,07/05/2022 12:11
MachineA023,3c3197da-b970-4895-9c7f-a953508248e9,07/05/2022 12:05,07/05/2022 12:06
MachineA023,7010d948-5aed-4332-aa8f-d766daeda8ca,07/05/2022 14:10,07/05/2022 14:11
MachineA023,87ea8d11-a22c-4f11-9743-31dd6e628051,07/05/2022 14:05,07/05/2022 14:06
MachineA023,e34893c5-5aa9-453a-a899-01e27abde187,07/05/2022 14:20,07/05/2022 14:21
MachineA023,f408c164-e4b9-49de-a9b7-7a75b5c2c4bb,07/05/2022 14:15,07/05/2022 14:16
MachineA023,18507032-951a-4728-8257-38d6eb11633d,07/05/2022 12:55,07/05/2022 12:56
MachineA023,e14b1b49-b064-417e-8ceb-1a1c61a3f421,07/05/2022 13:00,07/05/2022 13:01
MachineA023,12d9b7ff-d2df-4713-8c02-90be7dbc1f21,07/05/2022 12:50,07/05/2022 12:51
MachineA023,ac1d97f7-d552-48ec-8de3-aab984471fec,07/05/2022 13:30,07/05/2022 13:31
MachineA023,711bcdf4-6d6c-4abf-99b6-d928e0b7a4c4,07/05/2022 13:25,07/05/2022 13:26
MachineA023,3d5398dd-3e46-4984-ab52-07de16656d91,07/05/2022 13:20,07/05/2022 13:21
MachineA023,4c29771a-8b1c-496f-88bd-253f43a38d6f,07/05/2022 13:15,07/05/2022 13:16
MachineA023,97b71d4c-20d1-461a-a919-05e23a623fd1,07/05/2022 13:10,07/05/2022 13:11
MachineA023,ecf4039a-b3a5-44a8-bf2d-a76c6728e1b8,07/05/2022 13:05,07/05/2022 13:06
MachineA023,612ff8d0-26fb-44e8-890e-b794c7d82b64,07/05/2022 13:40,07/05/2022 13:41
MachineA023,0ff7f990-4535-4c5c-a218-9b05bd2fb1b9,07/05/2022 13:35,07/05/2022 13:36
MachineA023,2e63ef0a-ba48-45a3-89c6-5aa6bccec5ba,07/05/2022 13:55,07/05/2022 13:56
MachineA023,2ed47039-cdd5-4df3-b8d6-11fb4b139ab2,07/05/2022 14:00,07/05/2022 14:01
MachineA023,146bb3e0-b670-4975-840a-a6e385f8f51b,07/05/2022 13:50,07/05/2022 13:51
MachineA023,4ee8e207-733f-467c-80fe-995fcb398d57,07/05/2022 13:45,07/05/2022 13:46
MachineA029,abe07f75-2ce1-4302-92ac-0c44219b1744,07/05/2022 05:05,07/05/2022 05:05
MachineA029,9fd3a794-818a-4097-a63b-51360de5e1b0,07/05/2022 05:35,07/05/2022 05:35
MachineA029,7fdad55d-acb0-404b-bbef-a08aca34f878,07/05/2022 06:05,07/05/2022 06:05
MachineA029,6350f565-9e58-4092-a8fa-bd6c6b38bbff,07/05/2022 07:35,07/05/2022 07:35
MachineA029,bc42cad5-8b9b-43ad-9bdf-61f6b89abb15,07/05/2022 07:05,07/05/2022 07:05
MachineA029,ac4618b9-153c-439e-8187-68643cccc6e0,07/05/2022 08:35,07/05/2022 08:35
MachineA029,5c28b9e3-4b55-4dcd-aab0-38e61ba4c706,07/05/2022 08:05,07/05/2022 08:05
MachineA029,c690cc69-4d9e-4cfe-917e-a396c38b2280,07/05/2022 09:05,07/05/2022 09:05
MachineA029,a4f85558-69ed-4357-998d-ded7d4e0a87e,07/05/2022 09:35,07/05/2022 09:35
MachineA029,2d363b79-1d85-4eb1-8eff-67e99d6c0d2a,07/05/2022 10:05,07/05/2022 10:05
MachineA029,3f942b60-6b3f-4ae8-9b09-4490565f6a96,07/05/2022 12:35,07/05/2022 12:35
MachineA029,ee04fb44-4129-42b6-909b-d4d45df034ff,07/05/2022 12:05,07/05/2022 12:05
MachineA029,fdd8442f-e4c5-4033-a0ce-9a5e10c0a806,07/05/2022 11:35,07/05/2022 11:35
MachineA029,e2be3a94-6838-4328-8a3d-9ac700829829,07/05/2022 11:05,07/05/2022 11:05
MachineA029,7999e876-3208-4af9-a7ec-e60f27fe890d,07/05/2022 10:35,07/05/2022 10:35
MachineA029,d46dbaec-9fdc-4203-a8d6-a5299b932841,07/05/2022 13:05,07/05/2022 13:05
MachineA029,b70230ea-ebca-4a13-b77d-8af7e454de01,07/05/2022 13:35,07/05/2022 13:35
MachineA029,f4544540-5050-4720-a583-9ddf2359d97d,07/05/2022 14:05,07/05/2022 14:05
MachineA029,83d1f8da-79ed-49c4-8060-8091a251c00b,07/05/2022 14:10,07/05/2022 14:10
MachineA029,1a4453f9-6fb7-4847-8fe2-89d97bd85958,07/05/2022 13:40,07/05/2022 13:40
MachineA029,d34f759c-844f-4e24-8279-48090217a737,07/05/2022 13:10,07/05/2022 13:10
MachineA029,9b150f98-a7be-46d2-9069-a15d82ae8d75,07/05/2022 10:40,07/05/2022 10:40
MachineA029,164a496d-18ec-42a0-bfcc-d8a65c8e4b45,07/05/2022 11:10,07/05/2022 11:10
MachineA029,302eb580-aaa1-46fc-98f0-4d647d570a0a,07/05/2022 11:40,07/05/2022 11:40
MachineA029,87d74e61-1c71-4f75-bfed-5634b8f49836,07/05/2022 12:40,07/05/2022 12:40
MachineA029,982c0c45-af0e-4d2e-9e42-1ac4b45f261b,07/05/2022 12:10,07/05/2022 12:10
MachineA029,13bc1c43-0257-4860-a00c-c2dc3a399773,07/05/2022 10:10,07/05/2022 10:10
MachineA029,14d12859-7f7b-4d6e-8f65-ce9d732eb55b,07/05/2022 09:40,07/05/2022 09:40
MachineA029,270d60cf-591f-4458-ad68-d4748de385b3,07/05/2022 09:10,07/05/2022 09:10
MachineA029,caed6198-1362-4a73-9f16-7fc1fdd0b330,07/05/2022 08:10,07/05/2022 08:10
MachineA029,87f142ca-10f4-46a4-a834-a151120c8cf7,07/05/2022 08:40,07/05/2022 08:40
MachineA029,3d7cafbe-8b11-4a2d-a53c-c26dc9b3c04a,07/05/2022 07:10,07/05/2022 07:10
MachineA029,016f8ee8-c38c-44be-8966-1efbb95ba78d,07/05/2022 07:40,07/05/2022 07:40
MachineA029,dbee6c0b-e3b2-46bd-8cc3-9bfe035f5f22,07/05/2022 06:10,07/05/2022 06:11
MachineA029,444c651a-324f-473b-8c99-fa4c84e11ba9,07/05/2022 05:40,07/05/2022 05:40
MachineA029,d3abca6f-c4c1-40d2-9381-657fad055da5,07/05/2022 05:10,07/05/2022 05:11
MachineA029,48988a24-9417-4539-8c31-81e4ac2f71da,07/05/2022 05:15,07/05/2022 05:16
MachineA029,07336865-6e97-4a60-a0a0-30609f1609ed,07/05/2022 05:45,07/05/2022 05:46
MachineA029,5dd6e7fd-ada5-4944-b12e-c11ef04632aa,07/05/2022 06:15,07/05/2022 06:16
MachineA029,d260f3e2-e01b-4699-9f46-cb72cc6939ab,07/05/2022 07:15,07/05/2022 07:15
MachineA029,bf4f42ff-8b5d-47eb-8c42-4bbbc2bdb11e,07/05/2022 08:45,07/05/2022 08:45
MachineA029,0ce0fcf8-2901-4c1b-ad69-a46a7adaa9a1,07/05/2022 08:15,07/05/2022 08:15
MachineA029,4b965ab6-d28d-419a-a678-8cd39e61cf78,07/05/2022 07:45,07/05/2022 07:45
MachineA029,af64ad5a-2036-4920-9007-21188ccd7e3c,07/05/2022 09:15,07/05/2022 09:15
MachineA029,5a01e1d7-34e7-425c-9169-63fd3cad2362,07/05/2022 09:45,07/05/2022 09:45
MachineA029,f003d601-5b54-43ed-bc74-2738cb4e18e5,07/05/2022 12:15,07/05/2022 12:15
MachineA029,f389160f-8c5a-404e-8a9b-cf5c1648915d,07/05/2022 12:45,07/05/2022 12:45
MachineA029,a6b3b825-77e6-44b0-a0ab-839c04e948d3,07/05/2022 11:45,07/05/2022 11:45
MachineA029,13db2863-341a-4cf7-82c7-146e9eeaffb2,07/05/2022 11:15,07/05/2022 11:15
MachineA029,fc64c3d0-6c74-4520-8e2a-3c762d5db79a,07/05/2022 10:45,07/05/2022 10:45
MachineA029,c6114dc2-c621-4734-a4fe-2a521f28b623,07/05/2022 10:15,07/05/2022 10:15
MachineA029,36b012da-d268-4930-bcd0-193532ddd366,07/05/2022 13:15,07/05/2022 13:15
MachineA029,79ba6327-3ab2-4962-b291-4446f59344b1,07/05/2022 13:45,07/05/2022 13:45
MachineA029,a5573fbc-3214-41cd-9970-0405adc5c0e1,07/05/2022 14:15,07/05/2022 14:15
MachineA029,191ba838-f6b6-4e16-9207-7e698f80cd44,07/05/2022 14:20,07/05/2022 14:20
MachineA029,f9882196-dff8-46f6-9e20-f0a439036cdc,07/05/2022 13:50,07/05/2022 13:50
MachineA029,b24883cf-c70a-4355-bfeb-8b6871d95446,07/05/2022 13:20,07/05/2022 13:20
MachineA029,c3791b84-24d9-46af-9164-df1485a3f291,07/05/2022 12:50,07/05/2022 12:50
MachineA029,4e0d66e0-e5b0-44c3-a31b-7bf606215b26,07/05/2022 10:20,07/05/2022 10:20
MachineA029,86bea160-6054-4451-8ea0-f42243b6621d,07/05/2022 10:50,07/05/2022 10:50
MachineA029,7b110122-3433-4551-ba11-8a1cd4550e28,07/05/2022 11:20,07/05/2022 11:20
MachineA029,5d00dcf7-9dba-4f63-8a78-66daed97fd4e,07/05/2022 11:50,07/05/2022 11:50
MachineA029,d0edb0a9-0953-40e0-a337-ecc44c299eb6,07/05/2022 12:20,07/05/2022 12:20
MachineA029,faf25df7-5ba8-4617-a91a-03e72702ede6,07/05/2022 09:50,07/05/2022 09:50
MachineA029,d153d164-62aa-4b6c-b6fa-9accc2cc7bb7,07/05/2022 09:20,07/05/2022 09:20
MachineA029,a05ab1b3-4b92-49e4-a5b4-190b78a58fb8,07/05/2022 07:50,07/05/2022 07:50
MachineA029,0d5c2d1e-a130-48e3-96f9-2cc4bd0d71ec,07/05/2022 08:50,07/05/2022 08:50
MachineA029,6d7c49fd-1ba8-444e-9585-6e5c20d6754a,07/05/2022 08:20,07/05/2022 08:20
MachineA029,2d60ba12-eca8-415c-a1b1-c4b48a726f2d,07/05/2022 07:20,07/05/2022 07:20
MachineA029,c08512e2-9c02-4f8d-b58d-537b547cb07a,07/05/2022 06:50,07/05/2022 06:50
MachineA029,22cd92cb-6c7a-4e9c-94e3-3b6fbb917396,07/05/2022 05:50,07/05/2022 05:51
MachineA029,d7d1ff6e-49ca-44d1-9339-3efb3180bd43,07/05/2022 05:20,07/05/2022 05:21
MachineA029,47c87b0f-0b59-492e-bc95-177e01f7f929,07/05/2022 05:25,07/05/2022 05:26
MachineA029,a0592866-0d5b-478b-bab2-e1a8e18ab806,07/05/2022 05:55,07/05/2022 05:56
MachineA029,73f427c9-1c71-4f63-b76b-0992be8dce0f,07/05/2022 06:55,07/05/2022 06:55
MachineA029,e8e5b014-1528-4e79-ade2-e1a244e6dbc5,07/05/2022 07:25,07/05/2022 07:25
MachineA029,3dc9794b-36f6-45cf-a146-774bcdaaa9af,07/05/2022 08:25,07/05/2022 08:25
MachineA029,c981a36d-b290-4b2a-9c8e-8e3537edda31,07/05/2022 08:55,07/05/2022 08:55
MachineA029,43fbf7ef-f316-4fec-b533-87e5ae403010,07/05/2022 07:55,07/05/2022 07:55
MachineA029,e7f3c813-28f5-41ff-99d9-501c666c54b7,07/05/2022 09:25,07/05/2022 09:25
MachineA029,3b2a9615-2512-4ac6-94ec-2b099c029d13,07/05/2022 09:55,07/05/2022 09:55
MachineA029,93bd7446-c107-46a2-b37e-4bba5563eb66,07/05/2022 12:25,07/05/2022 12:25
MachineA029,90d13335-6ea0-4024-b628-4c920d8b2dcb,07/05/2022 11:55,07/05/2022 11:55
MachineA029,c2d3b34e-9c34-429f-bd10-0f9f302f0e9b,07/05/2022 11:25,07/05/2022 11:25
MachineA029,20a14873-0442-449c-ae8d-046addf89578,07/05/2022 10:55,07/05/2022 10:55
MachineA029,8b57c033-d031-46fa-9f23-562da221f318,07/05/2022 10:25,07/05/2022 10:25
MachineA029,9b64eabc-db94-4e53-911f-8cc1354b2a3f,07/05/2022 12:55,07/05/2022 12:55
MachineA029,31d78d93-8942-45eb-aab8-71acb861202c,07/05/2022 13:25,07/05/2022 13:25
MachineA029,84c71026-2e97-434d-aa86-69e8de461556,07/05/2022 13:55,07/05/2022 13:55
MachineA029,76db7754-ee05-40e0-928a-b47994e5f0cd,07/05/2022 14:00,07/05/2022 14:00
MachineA029,896377f3-dd24-43c1-a491-c5988f5132d7,07/05/2022 13:30,07/05/2022 13:30
MachineA029,6110f5ca-24c8-4a12-88a8-8a021a04e467,07/05/2022 13:00,07/05/2022 13:00
MachineA029,064b5132-282a-4034-9ad3-069ec1ee0a26,07/05/2022 10:30,07/05/2022 10:30
MachineA029,61a6f7bd-79a8-423b-b42c-995efe8b5451,07/05/2022 11:00,07/05/2022 11:00
MachineA029,26507857-65fb-4774-855a-6c565d9fdd6f,07/05/2022 12:00,07/05/2022 12:00
MachineA029,b60c0225-c22c-42a3-a081-da9406b8bb09,07/05/2022 11:30,07/05/2022 11:30
MachineA029,8f9316a9-2574-4112-a82e-91419000fa4a,07/05/2022 12:30,07/05/2022 12:30
MachineA029,02ed7acf-43d9-4d13-8ed8-b9e63158693e,07/05/2022 10:00,07/05/2022 10:00
MachineA029,2d2d64c1-04f5-42cf-b870-0c832728acf1,07/05/2022 09:30,07/05/2022 09:30
MachineA029,ab2ba9a3-94cc-4867-842c-039c2f2ed3b4,07/05/2022 09:00,07/05/2022 09:00
MachineA029,11d97e24-c88e-4dda-95c4-0992f61e2439,07/05/2022 08:00,07/05/2022 08:00
MachineA029,fde462d3-1c0b-4826-a83c-0446ff22480c,07/05/2022 08:30,07/05/2022 08:30
MachineA029,e3a133be-1d6f-42a3-b8c7-1590b5234f97,07/05/2022 07:30,07/05/2022 07:30
MachineA029,9ffb530a-d867-4ecc-9c5e-00c923f3bd99,07/05/2022 07:00,07/05/2022 07:00
MachineA029,e49254d5-959a-47ba-8d15-0455c2f5e25e,07/05/2022 06:00,07/05/2022 06:01
MachineA029,3e0216a1-ea8a-4165-a5bf-341d2c770371,07/05/2022 05:30,07/05/2022 05:31
MachineA022,51f9ed31-71f3-490c-a894-f2942017f7cf,07/05/2022 07:00,07/05/2022 07:35
MachineA022,a28e6f8d-88f5-4ff0-a626-2f0956fe3436,07/05/2022 07:00,07/05/2022 07:35
MachineA022,5e250937-13f0-43b6-a21a-9f921c11475f,07/05/2022 07:00,07/05/2022 07:36
MachineA022,d9f69581-9e19-4171-82af-e2425f675cff,07/05/2022 07:00,07/05/2022 07:36
MachineA022,ce231222-aab6-4314-b00d-cc72824a97ee,07/05/2022 07:00,07/05/2022 08:21
MachineA022,73593179-f6cd-49b1-996f-81124bb3c791,07/05/2022 08:22,07/05/2022 08:24
MachineA022,d46c1eee-85bf-4a73-90e6-b5ed0af78f14,07/05/2022 08:00,07/05/2022 08:03
MachineA022,19a64407-4653-42d9-804f-5df6fe855fe9,07/05/2022 08:00,07/05/2022 08:03
,9d78d05d-28f9-4d08-a3b2-f32712ec98f8,07/05/2022 08:00,07/05/2022 08:03
MachineA022,3b05d477-682a-4c1d-a299-c8fcad2c039a,07/05/2022 08:00,07/05/2022 08:03
MachineA022,ec4c25d5-5105-4ff9-bd4b-10a9420ebef1,07/05/2022 09:00,07/05/2022 09:04
MachineA022,c79604de-3fa9-4b3e-9332-6bfbe89b9e74,07/05/2022 09:00,07/05/2022 09:03
MachineA022,4c8c8e6b-0067-4af8-926d-896d4fa6e0c2,07/05/2022 09:00,07/05/2022 09:03
MachineA022,5c568ec3-c531-4688-8cc7-b064017d2642,07/05/2022 09:00,07/05/2022 09:03
MachineA022,23c1fa6b-077b-4490-8904-5b584b82b449,07/05/2022 11:00,07/05/2022 11:03
MachineA022,880cc641-688a-4efc-8c13-aaccea9965d7,07/05/2022 11:00,07/05/2022 11:03
MachineA022,c4922b3c-c2c6-438d-99c6-7995211cd340,07/05/2022 11:00,07/05/2022 11:03
MachineA022,8ff0ef03-4e15-4044-a636-0ff6f5c0dc65,07/05/2022 11:00,07/05/2022 11:03
MachineA016,815fd1e1-de78-4c92-bc60-97d1f925ee15,07/05/2022 13:30,07/05/2022 13:31
MachineC001,c16c8ade-685e-44ce-a3e8-94de5df6c95a,07/05/2022 13:30,07/05/2022 13:41
MachineC001,ccb86973-8da5-4b23-a15c-9f0d90f24c0b,07/05/2022 13:00,07/05/2022 13:11
MachineC001,b79f2003-6585-4e51-9e8c-51dc813d3a45,07/05/2022 14:00,07/05/2022 14:11
MachineC001,c5d8c52f-84cf-4be7-8c59-d4d37363d33f,07/05/2022 12:30,07/05/2022 12:41
MachineC001,a9d776b3-8e35-426b-9079-d97726685def,07/05/2022 12:00,07/05/2022 12:21
MachineC001,5d905e21-c4c0-4645-859e-de0263d80255,07/05/2022 10:30,07/05/2022 10:41
MachineC001,d0e3456e-3a42-45e7-96d8-2854766baf0d,07/05/2022 11:30,07/05/2022 11:41
MachineC001,ee14504b-d946-4ecc-aad0-0ed7e773f30b,07/05/2022 11:00,07/05/2022 11:11
MachineC001,21d77ba1-8ad7-4a1b-b976-17f0e887625b,07/05/2022 05:30,07/05/2022 05:41
MachineC001,79196f3f-4233-4a24-924e-e39aa5404d12,07/05/2022 06:00,07/05/2022 06:27
MachineC001,1a761f3b-b4cc-4bb5-b421-cc5e31f64783,07/05/2022 07:00,07/05/2022 07:13
MachineC001,57860ea9-09db-42c9-bf2e-1885c1d0b378,07/05/2022 06:30,07/05/2022 06:41
MachineC001,363b3586-f118-4dd4-aa24-a1eec8dde3ba,07/05/2022 07:30,07/05/2022 07:41
MachineC001,1f444d02-8bb6-4cb0-908e-c9a3caa32a3d,07/05/2022 08:30,07/05/2022 08:42
MachineC001,3a57c731-04e7-4522-a479-6ab2c91edc0b,07/05/2022 09:00,07/05/2022 09:17
MachineC001,85e83bf9-533a-437d-b46a-e06773e0d957,07/05/2022 08:00,07/05/2022 08:11
MachineC001,88122fde-6881-4557-b5c5-afeb18f9c23c,07/05/2022 09:30,07/05/2022 09:41
MachineC001,8329e217-f9b5-402f-b592-ee22483a036d,07/05/2022 10:00,07/05/2022 10:11
MachineA014,8dd67ce0-57ec-4825-952f-c1c61644cfae,07/05/2022 10:45,07/05/2022 10:47
MachineA014,d506be14-3901-4c4b-8abf-9eab853277d8,07/05/2022 10:50,07/05/2022 10:54
